customer_id,customer_name,gmail
E-C1,"Ulya Zulkarnain, S.Kom",Ulyaz08@gmail.com
E-C2,Titi Saptono,titi.140@gmail.com
E-C3,"Kambali Adriansyah, S.I.Kom",kambali.350@gmail.com
E-C4,Septi Astuti,septi.749@gmail.com
E-C5,Lidya Sihotang,lidya.223@gmail.com
E-C6,"Budi Hutasoit, S.E.",budi.162@gmail.com
E-C7,Cici Mulyani,cici.647@gmail.com
E-C8,"Hesti Maulana, S.Ked",hesti.803@gmail.com
E-C9,Umaya Permata,umaya.893@gmail.com
E-C10,Zulaikha Lazuardi,zulaikha.478@gmail.com
E-C11,Gaman Hartati,gaman.138@gmail.com
E-C12,Rafi Yulianti,rafi.727@gmail.com
E-C13,Mursinin Najmudin,mursinin.373@gmail.com
E-C14,"Galiono Farida, S.Ked",galiono.851@gmail.com
E-C15,Jelita Mansur,jelita.768@gmail.com
E-C16,"H. Anom Usada, S.Farm",anom.504@gmail.com
E-C17,Uchita Widiastuti,uchita.921@gmail.com
E-C18,Ghani Hidayanto,ghani.648@gmail.com
E-C19,Kanda Maheswara,kanda.170@gmail.com
E-C20,Kenes Halim,kenes.892@gmail.com
E-C21,Dt. Cagak Puspasari,Cagakpuspa566@gmail.com
E-C22,Ade Hardiansyah,ade.833@gmail.com
E-C23,Rina Nurdiyanti,rina.299@gmail.com
E-C24,Argono Lazuardi,argono.681@gmail.com
E-C25,"Dr. Halima Hastuti, S.Pd",Halima.998@gmail.com
E-C26,Hj. Ghaliyati Habibi,hj..209@gmail.com
E-C27,"Salimah Agustina, S.Sos",salimah.798@gmail.com
E-C28,Alika Rajata,alika.666@gmail.com
E-C29,Najib Saefullah,najib.524@gmail.com
E-C30,"Olivia Mansur, S.E.",olivia.474@gmail.com
E-C31,"R.A. Suci Suwarno, S.Psi",r.a..688@gmail.com
E-C32,"Maimunah Dabukke, S.E.",maimunah.628@gmail.com
E-C33,dr. Safina Usada,dr..474@gmail.com
E-C34,Nadine Kurniawan,nadine.883@gmail.com
E-C35,Calista Hasanah,calista.936@gmail.com
E-C36,"R. Dian Lailasari, M.Kom.",dian.454@gmail.com
E-C37,Umi Sitompul,umi.997@gmail.com
E-C38,drg. Michelle Maryati,drg..615@gmail.com
E-C39,drg. Gilda Sudiati,drg..825@gmail.com
E-C40,"Hj. Cinthia Nugroho, S.Gz",hj..874@gmail.com
E-C41,Sakura Nababan,sakura.951@gmail.com
E-C42,Daliono Anggriawan,daliono.815@gmail.com
E-C43,Asmadi Nainggolan,asmadi.991@gmail.com
E-C44,Jaiman Sihotang,jaiman.308@gmail.com
E-C45,KH. Gaman Pratama,kh..880@gmail.com
E-C46,Paiman Prastuti,paiman.653@gmail.com
E-C47,"Tania Hakim, M.Farm",tania.736@gmail.com
E-C48,Irsad Namaga,irsad.159@gmail.com
E-C49,Titin Wibowo,titin.360@gmail.com
E-C50,Drs. Emas Widiastuti,drs..451@gmail.com
E-C51,Raina Permata,raina.543@gmail.com
E-C52,"Alika Adriansyah, S.E.",alika.381@gmail.com
E-C53,T. Najam Susanti,najam.246@gmail.com
E-C54,Warji Namaga,warji.752@gmail.com
E-C55,"Daliono Tampubolon, M.M.",daliono.149@gmail.com
E-C56,Saiful Wacana,saiful.864@gmail.com
E-C57,Wardi Hasanah,wardi.509@gmail.com
E-C58,"Makuta Maheswara, S.T.",makuta.624@gmail.com
E-C59,Mursita Suartini,mursita.937@gmail.com
E-C60,Cut Maimunah Halim,cut.622@gmail.com
E-C61,Rudi Pratiwi,rudi.156@gmail.com
E-C62,"Surya Utama, S.IP",surya.774@gmail.com
E-C63,Nadia Natsir,nadia.483@gmail.com
E-C64,"Elvin Nababan, M.Pd",elvin.914@gmail.com
E-C65,"Dr. Rahmi Rahmawati, M.Farm",dr..322@gmail.com
E-C66,Uli Megantara,uli.856@gmail.com
E-C67,Karna Maryadi,karna.400@gmail.com
E-C68,Perkasa Suryatmi,perkasa.192@gmail.com
E-C69,Putri Hartati,putri.542@gmail.com
E-C70,Karimah Anggriawan,karimah.708@gmail.com
E-C71,Salman Thamrin,salman.594@gmail.com
E-C72,Ir. Cinta Mahendra,ir..301@gmail.com
E-C73,"drg. Nadine Nurdiyanti, S.Ked",drg..374@gmail.com
E-C74,"R.A. Lala Mardhiyah, M.Kom.",r.a..890@gmail.com
E-C75,"R.M. Emil Jailani, S.H.",r.m..319@gmail.com
E-C76,Kajen Sirait,kajen.225@gmail.com
E-C77,"Puti Ifa Habibi, S.I.Kom",puti.969@gmail.com
E-C78,Ir. Puput Nuraini,ir..360@gmail.com
E-C79,Dariati Zulkarnain,dariati.969@gmail.com
E-C80,"Sutan Eman Saputra, M.Ak",sutan.554@gmail.com
E-C81,Tina Siregar,tina.423@gmail.com
E-C82,Usyi Wahyudin,usyi.959@gmail.com
E-C83,Jono Halim,jono.841@gmail.com
E-C84,"Dr. Darimin Hutapea, M.M.",dr..710@gmail.com
E-C85,"Tgk. Safina Lazuardi, M.M.",tgk..708@gmail.com
E-C86,Rafi Maheswara,rafi.778@gmail.com
E-C87,dr. Ciaobella Sitorus,dr..480@gmail.com
E-C88,Kayla Natsir,kayla.286@gmail.com
E-C89,Emas Halimah,emas.113@gmail.com
E-C90,Galak Novitasari,galak.888@gmail.com
E-C91,Rahman Uyainah,rahman.154@gmail.com
E-C92,"Uchita Riyanti, S.I.Kom",uchita.212@gmail.com
E-C93,Kambali Prasetya,kambali.750@gmail.com
E-C94,Mustika Prasetyo,mustika.316@gmail.com
E-C95,"Dr. Puput Kusumo, M.TI.",Puput.909@gmail.com
E-C96,"Sutan Irfan Mustofa, M.Kom.",sutan.619@gmail.com
E-C97,Diah Permadi,diah.831@gmail.com
E-C98,Margana Pudjiastuti,margana.942@gmail.com
E-C99,Puput Nasyidah,puput.630@gmail.com
E-C100,Sarah Nainggolan,sarah.221@gmail.com
E-C101,Mila Wahyuni,mila.100@gmail.com
E-C102,Ida Pratiwi,ida.512@gmail.com
E-C103,Zaenab Yulianti,zaenab.169@gmail.com
E-C104,"R. Parman Saptono, S.I.Kom",parman.248@gmail.com
E-C105,Ulva Prasetya,ulva.138@gmail.com
E-C106,KH. Umaya Kusumo,kh..525@gmail.com
E-C107,Hj. Vicky Prakasa,hj..380@gmail.com
E-C108,Vicky Prastuti,vicky.544@gmail.com
E-C109,"Chelsea Mandala, M.Kom.",chelsea.220@gmail.com
E-C110,Cut Najwa Sihotang,cut.363@gmail.com
E-C111,Hana Laksita,hana.802@gmail.com
E-C112,Garda Oktaviani,garda.828@gmail.com
E-C113,Dimas Uwais,dimas.895@gmail.com
E-C114,Kawaca Suryatmi,kawaca.892@gmail.com
E-C115,Karsa Mandala,karsa.468@gmail.com
E-C116,Kamila Laksmiwati,kamila.497@gmail.com
E-C117,Endah Safitri,endah.765@gmail.com
E-C118,Dadap Lazuardi,dadap.666@gmail.com
E-C119,"Taswir Marpaung, S.Ked",taswir.471@gmail.com
E-C120,drg. Asirwada Hutapea,drg..286@gmail.com
E-C121,Ir. Intan Maryadi,ir..569@gmail.com
E-C122,Wisnu Lestari,wisnu.953@gmail.com
E-C123,Sutan Bakiono Oktaviani,sutan.335@gmail.com
E-C124,Timbul Agustina,timbul.714@gmail.com
E-C125,Imam Kusumo,imam.517@gmail.com
E-C126,Daryani Nasyidah,daryani.700@gmail.com
E-C127,Hasta Farida,hasta.912@gmail.com
E-C128,"H. Agus Suryatmi, S.Farm",agus.587@gmail.com
E-C129,Putri Hutasoit,putri.806@gmail.com
E-C130,"T. Galih Halim, M.Kom.",galih.328@gmail.com
E-C131,Hendri Ramadan,hendri.809@gmail.com
E-C132,Keisha Gunawan,keisha.919@gmail.com
E-C133,"Dr. Vanya Riyanti, S.E.",dr..231@gmail.com
E-C134,drg. Lurhur Pratiwi,drg..487@gmail.com
E-C135,Keisha Hastuti,keisha.229@gmail.com
E-C136,Bakda Narpati,bakda.129@gmail.com
E-C137,"Ani Uyainah, S.I.Kom",ani.550@gmail.com
E-C138,"R. Azalea Pratama, M.M.",azalea.788@gmail.com
E-C139,Vanesa Wastuti,vanesa.152@gmail.com
E-C140,Pranata Pertiwi,pranata.953@gmail.com
E-C141,Ghani Prasetyo,ghani.288@gmail.com
E-C142,Titi Aryani,titi.362@gmail.com
E-C143,Aslijan Mandala,aslijan.447@gmail.com
E-C144,Sadina Nasyidah,sadina.397@gmail.com
E-C145,"Dr. Kamaria Sihotang, S.Pt",dr..215@gmail.com
E-C146,"Cinthia Suryatmi, S.Psi",cinthia.531@gmail.com
E-C147,Heru Aryani,heru.641@gmail.com
E-C148,Titin Usada,titin.922@gmail.com
E-C149,Jindra Marpaung,jindra.160@gmail.com
E-C150,"Hj. Queen Yolanda, S.Pd",hj..231@gmail.com
E-C151,R.A. Rina Haryanto,r.a..195@gmail.com
E-C152,T. Raden Pangestu,raden.748@gmail.com
E-C153,Belinda Tampubolon,belinda.630@gmail.com
E-C154,Putri Nasyidah,putri.121@gmail.com
E-C155,"Dr. Wulan Sihombing, M.TI.",dr..898@gmail.com
E-C156,R. Kasiran Suryono,kasiran.312@gmail.com
E-C157,"Hadi Wulandari, S.Sos",hadi.405@gmail.com
E-C158,dr. Zaenab Padmasari,dr..586@gmail.com
E-C159,"Tami Maheswara, S.H.",tami.329@gmail.com
E-C160,Anastasia Handayani,anastasia.449@gmail.com
E-C161,Talia Wibowo,talia.153@gmail.com
E-C162,Laila Riyanti,laila.799@gmail.com
E-C163,Lantar Simbolon,lantar.535@gmail.com
E-C164,"Johan Samosir, S.Pd",johan.513@gmail.com
E-C165,Pranawa Wijayanti,pranawa.187@gmail.com
E-C166,Gandewa Budiman,gandewa.784@gmail.com
E-C167,Yusuf Siregar,yusuf.693@gmail.com
E-C168,"Maimunah Haryanto, M.Farm",maimunah.671@gmail.com
E-C169,Galur Mulyani,galur.989@gmail.com
E-C170,R. Irnanto Purnawati,irnanto.643@gmail.com
E-C171,Cindy Novitasari,cindy.866@gmail.com
E-C172,R. Karimah Utama,karimah.240@gmail.com
E-C173,Tgk. Vanya Wacana,tgk..689@gmail.com
E-C174,"Ika Wibowo, S.Ked",ika.501@gmail.com
E-C175,Wani Dabukke,wani.386@gmail.com
E-C176,Zamira Jailani,zamira.504@gmail.com
E-C177,"Ulya Setiawan, S.Ked",ulya.811@gmail.com
E-C178,"dr. Ani Andriani, S.T.",dr..103@gmail.com
E-C179,dr. Ozy Mardhiyah,dr..389@gmail.com
E-C180,Halima Mandala,halima.507@gmail.com
E-C181,Agnes Suryatmi,agnes.571@gmail.com
E-C182,Ivan Yulianti,ivan.117@gmail.com
E-C183,"Gatra Hidayat, S.H.",gatra.931@gmail.com
E-C184,"T. Kenari Oktaviani, S.IP",kenari.226@gmail.com
E-C185,"R. Kambali Yuniar, M.Kom.",kambali.623@gmail.com
E-C186,Michelle Nugroho,michelle.908@gmail.com
E-C187,"Chandra Anggraini, M.TI.",chandra.849@gmail.com
E-C188,drg. Victoria Firgantoro,drg..190@gmail.com
E-C189,"Ana Usamah, S.Psi",ana.502@gmail.com
E-C190,Rina Sihotang,rina.333@gmail.com
E-C191,"Drs. Prabowo Halimah, M.Pd",drs..834@gmail.com
E-C192,Asirwada Aryani,asirwada.567@gmail.com
E-C193,H. Dacin Prabowo,dacin.165@gmail.com
E-C194,Estiawan Saptono,estiawan.595@gmail.com
E-C195,Gina Situmorang,gina.615@gmail.com
E-C196,Radika Hutagalung,radika.474@gmail.com
E-C197,Dr. Dadap Waskita,dr..610@gmail.com
E-C198,"Taufik Mangunsong, M.Farm",taufik.240@gmail.com
E-C199,Ade Mulyani,ade.657@gmail.com
E-C200,Tasdik Maheswara,tasdik.755@gmail.com
E-C201,"drg. Jumari Permadi, M.TI.",drg..302@gmail.com
E-C202,Azalea Budiman,azalea.103@gmail.com
E-C203,Latif Mayasari,latif.356@gmail.com
E-C204,Kenzie Sinaga,kenzie.253@gmail.com
E-C205,"Dr. Jamalia Mardhiyah, S.E.I",dr..721@gmail.com
E-C206,Taswir Pranowo,taswir.464@gmail.com
E-C207,H. Bala Astuti,bala.342@gmail.com
E-C208,"Dr. Zulaikha Dongoran, M.Kom.",dr..742@gmail.com
E-C209,Elisa Halim,elisa.778@gmail.com
E-C210,Hj. Umi Saragih,hj..812@gmail.com
E-C211,Endra Laksita,endra.867@gmail.com
E-C212,Tgk. Ulva Mandasari,tgk..180@gmail.com
E-C213,Ciaobella Kuswandari,ciaobella.877@gmail.com
E-C214,Ir. Indah Pranowo,ir..675@gmail.com
E-C215,Puti Shakila Mangunsong,puti.427@gmail.com
E-C216,Lasmanto Prakasa,lasmanto.717@gmail.com
E-C217,"R.M. Gantar Permadi, S.Farm",r.m..794@gmail.com
E-C218,"Asmianto Marpaung, M.TI.",asmianto.172@gmail.com
E-C219,Sarah Wasita,sarah.299@gmail.com
E-C220,drg. Aurora Wijayanti,drg..852@gmail.com
E-C221,"dr. Febi Handayani, M.Pd",dr..162@gmail.com
E-C222,Aisyah Zulaika,aisyah.385@gmail.com
E-C223,Puti Patricia Ramadan,puti.294@gmail.com
E-C224,Uchita Wastuti,uchita.438@gmail.com
E-C225,Dt. Lantar Wijaya,dt..528@gmail.com
E-C226,Maimunah Januar,maimunah.948@gmail.com
E-C227,Sabrina Maryati,sabrina.114@gmail.com
E-C228,Cakrabuana Maheswara,cakrabuana.597@gmail.com
E-C229,"R. Yunita Napitupulu, S.Pd",yunita.248@gmail.com
E-C230,Limar Irawan,limar.303@gmail.com
E-C231,Puti Almira Marpaung,puti.959@gmail.com
E-C232,Tirtayasa Narpati,tirtayasa.919@gmail.com
E-C233,"R. Edi Nainggolan, M.Ak",edi.213@gmail.com
E-C234,Kalim Kusmawati,kalim.737@gmail.com
E-C235,Cahyadi Pangestu,cahyadi.225@gmail.com
E-C236,Estiono Permadi,estiono.275@gmail.com
E-C237,Cici Palastri,cici.442@gmail.com
E-C238,Agus Laksita,agus.929@gmail.com
E-C239,Lega Siregar,lega.576@gmail.com
E-C240,"Salimah Hartati, M.Kom.",salimah.573@gmail.com
E-C241,Luluh Namaga,luluh.610@gmail.com
E-C242,"Ir. Adiarja Prabowo, S.IP",ir..300@gmail.com
E-C243,Unjani Suryatmi,unjani.105@gmail.com
E-C244,Drs. Dalimin Marpaung,drs..352@gmail.com
E-C245,"Tantri Yolanda, S.Pt",tantri.340@gmail.com
E-C246,"Tami Oktaviani, S.I.Kom",tami.803@gmail.com
E-C247,Nadine Winarsih,nadine.391@gmail.com
E-C248,Paris Suartini,paris.314@gmail.com
E-C249,Kurnia Oktaviani,kurnia.951@gmail.com
E-C250,"Estiawan Prasetya, S.E.I",estiawan.171@gmail.com
E-C251,"Nardi Maheswara, M.Pd",nardi.225@gmail.com
E-C252,Arsipatra Hutagalung,arsipatra.942@gmail.com
E-C253,Gamblang Halim,gamblang.587@gmail.com
E-C254,Satya Zulaika,satya.145@gmail.com
E-C255,Maryadi Sudiati,maryadi.550@gmail.com
E-C256,Jasmani Kusumo,jasmani.922@gmail.com
E-C257,"Hj. Ratna Mustofa, M.M.",hj..969@gmail.com
E-C258,"Drs. Indra Ramadan, M.Farm",drs..925@gmail.com
E-C259,Labuh Wibowo,labuh.220@gmail.com
E-C260,"Okto Simanjuntak, S.Gz",okto.589@gmail.com
E-C261,Ami Nasyiah,ami.983@gmail.com
E-C262,Puti Rahmi Najmudin,puti.690@gmail.com
E-C263,Kasiran Sitompul,kasiran.624@gmail.com
E-C264,Rika Dabukke,rika.936@gmail.com
E-C265,Purwa Lestari,purwa.129@gmail.com
E-C266,"R. Viman Aryani, S.Psi",viman.983@gmail.com
E-C267,H. Wisnu Permadi,wisnu.621@gmail.com
E-C268,Jane Nasyiah,jane.289@gmail.com
E-C269,Hamima Lazuardi,hamima.248@gmail.com
E-C270,Ihsan Hasanah,ihsan.342@gmail.com
E-C271,"Wahyu Nugroho, S.Psi",wahyu.722@gmail.com
E-C272,Puji Melani,puji.512@gmail.com
E-C273,Edi Halim,edi.926@gmail.com
E-C274,Eko Oktaviani,eko.738@gmail.com
E-C275,Muni Hassanah,muni.898@gmail.com
E-C276,Drs. Cici Hutagalung,drs..289@gmail.com
E-C277,Titin Dabukke,titin.162@gmail.com
E-C278,Anastasia Widodo,anastasia.386@gmail.com
E-C279,Nilam Pratama,nilam.996@gmail.com
E-C280,Prabawa Irawan,prabawa.523@gmail.com
E-C281,"Zahra Sihombing, M.TI.",zahra.609@gmail.com
E-C282,Akarsana Tarihoran,akarsana.751@gmail.com
E-C283,"drg. Zulfa Tarihoran, S.Pd",drg..822@gmail.com
E-C284,"Iriana Winarno, S.T.",iriana.293@gmail.com
E-C285,Ellis Maryadi,ellis.257@gmail.com
E-C286,Sutan Tedi Manullang,sutan.744@gmail.com
E-C287,"Ikin Kusmawati, S.Kom",ikin.360@gmail.com
E-C288,Tira Lestari,tira.973@gmail.com
E-C289,"T. Sakti Nainggolan, S.Gz",sakti.842@gmail.com
E-C290,Hj. Aurora Ramadan,hj..240@gmail.com
E-C291,Yunita Latupono,yunita.326@gmail.com
E-C292,"Ir. Novi Utami, S.Ked",ir..264@gmail.com
E-C293,Daruna Anggraini,daruna.589@gmail.com
E-C294,"R.A. Qori Laksmiwati, M.M.",r.a..285@gmail.com
E-C295,"Margana Natsir, S.Pd",margana.933@gmail.com
E-C296,drg. Dalima Anggraini,drg..500@gmail.com
E-C297,R.A. Maida Pratiwi,r.a..148@gmail.com
E-C298,Wadi Winarsih,wadi.735@gmail.com
E-C299,Rahmi Hakim,rahmi.126@gmail.com
E-C300,Kasusra Iswahyudi,kasusra.709@gmail.com
E-C301,Rini Pratiwi,rini.442@gmail.com
E-C302,Olivia Uyainah,olivia.348@gmail.com
E-C303,"Endah Nugroho, S.I.Kom",endah.772@gmail.com
E-C304,"Mujur Pradana, S.I.Kom",mujur.558@gmail.com
E-C305,"drg. Makuta Pradipta, M.Kom.",drg..206@gmail.com
E-C306,Maras Suartini,maras.995@gmail.com
E-C307,Jabal Pertiwi,jabal.820@gmail.com
E-C308,Bakiono Nasyidah,bakiono.451@gmail.com
E-C309,Jayadi Maulana,jayadi.996@gmail.com
E-C310,Purwa Halimah,purwa.579@gmail.com
E-C311,Latif Wibisono,latif.360@gmail.com
E-C312,"Drs. Malik Hidayat, S.H.",drs..644@gmail.com
E-C313,Wisnu Suryono,wisnu.704@gmail.com
E-C314,"Sutan Balidin Suartini, M.M.",sutan.173@gmail.com
E-C315,Puput Saputra,puput.933@gmail.com
E-C316,Lili Anggraini,lili.951@gmail.com
E-C317,Daruna Permadi,daruna.630@gmail.com
E-C318,"drg. Devi Aryani, S.Sos",drg..556@gmail.com
E-C319,Purwadi Oktaviani,purwadi.708@gmail.com
E-C320,"Ghaliyati Firgantoro, S.Ked",ghaliyati.419@gmail.com
E-C321,Hj. Ayu Anggraini,hj..972@gmail.com
E-C322,Jinawi Utama,jinawi.269@gmail.com
E-C323,Dr. Emil Simbolon,dr..177@gmail.com
E-C324,"Almira Siregar, S.I.Kom",almira.484@gmail.com
E-C325,"Manah Farida, S.Psi",manah.760@gmail.com
E-C326,"Gatot Nugroho, S.Gz",gatot.528@gmail.com
E-C327,Daliono Sinaga,daliono.876@gmail.com
E-C328,"Uchita Mahendra, S.Pd",uchita.937@gmail.com
E-C329,Azalea Hutasoit,azalea.734@gmail.com
E-C330,"Mala Agustina, S.Ked",mala.175@gmail.com
E-C331,"Kurnia Safitri, S.Pd",kurnia.282@gmail.com
E-C332,Joko Rahimah,joko.295@gmail.com
E-C333,Maryadi Maryadi,maryadi.614@gmail.com
E-C334,Bagya Rahayu,bagya.838@gmail.com
E-C335,"Drs. Wirda Tarihoran, S.Pd",drs..761@gmail.com
E-C336,"Talia Prastuti, S.T.",talia.840@gmail.com
E-C337,"Puti Ajeng Tamba, S.Psi",puti.227@gmail.com
E-C338,"Tgk. Hani Mustofa, S.Psi",tgk..195@gmail.com
E-C339,R. Melinda Najmudin,melinda.868@gmail.com
E-C340,Labuh Mustofa,labuh.984@gmail.com
E-C341,"Anita Sirait, S.Psi",anita.149@gmail.com
E-C342,Nyoman Wijaya,nyoman.379@gmail.com
E-C343,Maria Winarno,maria.268@gmail.com
E-C344,"Kawaca Prasasta, S.I.Kom",kawaca.387@gmail.com
E-C345,"Cengkal Suartini, S.E.I",cengkal.867@gmail.com
E-C346,"Cakrabirawa Palastri, M.M.",cakrabirawa.889@gmail.com
E-C347,Balidin Sudiati,balidin.646@gmail.com
E-C348,"dr. Jamalia Prakasa, S.E.",dr..762@gmail.com
E-C349,Laila Manullang,laila.536@gmail.com
E-C350,Chelsea Hastuti,chelsea.500@gmail.com
E-C351,Puspa Wijayanti,puspa.823@gmail.com
E-C352,"Sutan Jarwa Susanti, S.Gz",sutan.739@gmail.com
E-C353,Kalim Situmorang,kalim.331@gmail.com
E-C354,Laila Dongoran,laila.746@gmail.com
E-C355,Harto Zulkarnain,harto.364@gmail.com
E-C356,Mumpuni Jailani,mumpuni.813@gmail.com
E-C357,Ajimin Maulana,ajimin.823@gmail.com
E-C358,Rudi Putra,rudi.635@gmail.com
E-C359,"Hafshah Agustina, S.Farm",hafshah.470@gmail.com
E-C360,KH. Harimurti Sirait,kh..852@gmail.com
E-C361,Sabrina Zulkarnain,sabrina.590@gmail.com
E-C362,Zahra Pranowo,zahra.134@gmail.com
E-C363,Usyi Tamba,usyi.252@gmail.com
E-C364,Prabu Wulandari,prabu.577@gmail.com
E-C365,"H. Taufan Wijaya, S.IP",taufan.637@gmail.com
E-C366,Chandra Hutapea,chandra.941@gmail.com
E-C367,"Cut Dewi Budiyanto, S.Psi",cut.544@gmail.com
E-C368,Ir. Laila Mansur,ir..713@gmail.com
E-C369,Saka Utami,saka.258@gmail.com
E-C370,"Cakrawala Andriani, S.E.",cakrawala.869@gmail.com
E-C371,"Daryani Sitorus, M.TI.",daryani.438@gmail.com
E-C372,"Tgk. Jabal Siregar, M.TI.",tgk..917@gmail.com
E-C373,"Drs. Jaswadi Riyanti, M.Farm",drs..514@gmail.com
E-C374,"Maya Prasasta, S.Kom",maya.798@gmail.com
E-C375,Najib Usamah,najib.459@gmail.com
E-C376,Jelita Latupono,jelita.442@gmail.com
E-C377,Jaya Mandala,jaya.952@gmail.com
E-C378,Gading Winarsih,gading.223@gmail.com
E-C379,Agnes Megantara,agnes.164@gmail.com
E-C380,Usyi Sinaga,usyi.404@gmail.com
E-C381,"Hj. Kania Wahyudin, M.Pd",hj..336@gmail.com
E-C382,"Nova Nashiruddin, S.Psi",nova.634@gmail.com
E-C383,"Pia Suwarno, S.Gz",pia.857@gmail.com
E-C384,Drs. Vega Novitasari,drs..297@gmail.com
E-C385,Dr. Langgeng Suryono,dr..978@gmail.com
E-C386,Kairav Setiawan,kairav.791@gmail.com
E-C387,drg. Endra Widiastuti,drg..982@gmail.com
E-C388,Rika Riyanti,rika.886@gmail.com
E-C389,Asmianto Budiyanto,asmianto.972@gmail.com
E-C390,Nabila Mandasari,nabila.432@gmail.com
E-C391,Puti Samiah Kusumo,puti.422@gmail.com
E-C392,T. Ganep Zulkarnain,ganep.905@gmail.com
E-C393,Hafshah Adriansyah,hafshah.202@gmail.com
E-C394,Drajat Wulandari,drajat.564@gmail.com
E-C395,Aurora Rajata,aurora.482@gmail.com
E-C396,Ganda Adriansyah,ganda.113@gmail.com
E-C397,Hana Kusmawati,hana.234@gmail.com
E-C398,Upik Melani,upik.219@gmail.com
E-C399,Jamalia Iswahyudi,jamalia.585@gmail.com
E-C400,Harjaya Narpati,harjaya.728@gmail.com
E-C401,Raharja Wahyudin,raharja.567@gmail.com
E-C402,"Dr. Qori Kusmawati, S.Pd",dr..366@gmail.com
E-C403,Kariman Utama,kariman.526@gmail.com
E-C404,Kenzie Wasita,kenzie.599@gmail.com
E-C405,Amelia Mulyani,amelia.283@gmail.com
E-C406,Bakiono Yulianti,bakiono.271@gmail.com
E-C407,KH. Saadat Riyanti,kh..817@gmail.com
E-C408,Heru Hasanah,heru.921@gmail.com
E-C409,R.A. Paris Nuraini,r.a..257@gmail.com
E-C410,Mulyono Yuniar,mulyono.172@gmail.com
E-C411,Imam Dongoran,imam.968@gmail.com
E-C412,Galiono Zulaika,galiono.939@gmail.com
E-C413,Uli Kurniawan,uli.245@gmail.com
E-C414,"Karma Permata, S.Ked",karma.593@gmail.com
E-C415,Endra Waskita,endra.916@gmail.com
E-C416,Yance Sinaga,yance.668@gmail.com
E-C417,Gasti Kusumo,gasti.672@gmail.com
E-C418,"Indah Najmudin, S.E.I",indah.284@gmail.com
E-C419,"R. Digdaya Halimah, S.Pt",digdaya.300@gmail.com
E-C420,Kemal Wibowo,kemal.364@gmail.com
E-C421,Adikara Maulana,adikara.125@gmail.com
E-C422,Raisa Rajata,raisa.290@gmail.com
E-C423,Gaman Nashiruddin,gaman.805@gmail.com
E-C424,Cakrawangsa Fujiati,cakrawangsa.682@gmail.com
E-C425,Sutan Liman Wibowo,sutan.527@gmail.com
E-C426,Vera Winarno,vera.899@gmail.com
E-C427,Zulfa Suryatmi,zulfa.454@gmail.com
E-C428,"Wulan Wibowo, S.E.",wulan.925@gmail.com
E-C429,Atma Jailani,atma.361@gmail.com
E-C430,"Kiandra Sitompul, S.E.",kiandra.374@gmail.com
E-C431,"Cut Eka Hutagalung, S.T.",cut.238@gmail.com
E-C432,"Pangeran Wastuti, S.I.Kom",pangeran.647@gmail.com
E-C433,"Hardana Laksmiwati, M.Ak",hardana.520@gmail.com
E-C434,R. Dalima Pratama,dalima.472@gmail.com
E-C435,Ega Budiman,ega.269@gmail.com
E-C436,Radit Melani,radit.523@gmail.com
E-C437,"Ulva Hutagalung, M.Ak",ulva.151@gmail.com
E-C438,"Cindy Hartati, S.I.Kom",cindy.436@gmail.com
E-C439,Martaka Permadi,martaka.960@gmail.com
E-C440,"R. Rahmi Halim, M.Pd",rahmi.736@gmail.com
E-C441,"Dr. Pardi Wulandari, S.Farm",dr..672@gmail.com
E-C442,"Puti Genta Kuswoyo, S.Farm",puti.212@gmail.com
E-C443,Queen Rajata,queen.546@gmail.com
E-C444,Dr. Zelaya Saefullah,dr..300@gmail.com
E-C445,Sidiq Permata,sidiq.896@gmail.com
E-C446,"drg. Zalindra Haryanto, S.IP",drg..127@gmail.com
E-C447,"H. Dirja Nurdiyanti, S.Pd",dirja.331@gmail.com
E-C448,Rahman Wahyudin,rahman.338@gmail.com
E-C449,Lidya Laksita,lidya.345@gmail.com
E-C450,Kawaya Hastuti,kawaya.557@gmail.com
E-C451,"Dr. Aurora Ramadan, S.Pt",dr..449@gmail.com
E-C452,Ani Anggraini,ani.420@gmail.com
E-C453,"drg. Warsa Halimah, M.Ak",drg..397@gmail.com
E-C454,Karimah Hasanah,karimah.328@gmail.com
E-C455,Mahmud Hariyah,mahmud.786@gmail.com
E-C456,"Nurul Iswahyudi, S.IP",nurul.684@gmail.com
E-C457,Dono Aryani,dono.745@gmail.com
E-C458,Puti Zulfa Manullang,puti.679@gmail.com
E-C459,Galih Handayani,galih.141@gmail.com
E-C460,Zamira Widodo,zamira.144@gmail.com
E-C461,Aisyah Zulkarnain,aisyah.800@gmail.com
E-C462,Vicky Kusumo,vicky.288@gmail.com
E-C463,"Daryani Wijaya, S.Sos",daryani.461@gmail.com
E-C464,Puti Ratih Lailasari,puti.786@gmail.com
E-C465,Wasis Manullang,wasis.477@gmail.com
E-C466,Ajiman Melani,ajiman.756@gmail.com
E-C467,Gara Utami,gara.990@gmail.com
E-C468,Widya Palastri,widya.675@gmail.com
E-C469,"Lamar Natsir, S.I.Kom",lamar.757@gmail.com
E-C470,Padmi Purwanti,padmi.404@gmail.com
E-C471,"Ophelia Hasanah, M.Farm",ophelia.538@gmail.com
E-C472,Qori Nainggolan,qori.178@gmail.com
E-C473,"Umaya Kusmawati, S.Farm",umaya.406@gmail.com
E-C474,Teddy Astuti,teddy.747@gmail.com
E-C475,Heru Kurniawan,heru.317@gmail.com
E-C476,Dr. Citra Padmasari,dr..668@gmail.com
E-C477,Zalindra Widodo,zalindra.932@gmail.com
E-C478,H. Kanda Halimah,kanda.453@gmail.com
E-C479,Wasis Waskita,wasis.445@gmail.com
E-C480,"Dr. Cengkal Zulkarnain, M.Farm",dr..846@gmail.com
E-C481,Bagus Riyanti,bagus.711@gmail.com
E-C482,Prayitna Safitri,prayitna.944@gmail.com
E-C483,Clara Rahimah,clara.103@gmail.com
E-C484,Dr. Najwa Rajasa,dr..157@gmail.com
E-C485,H. Mitra Marbun,mitra.635@gmail.com
E-C486,Irma Kuswoyo,irma.332@gmail.com
E-C487,Galak Halimah,galak.929@gmail.com
E-C488,"Himawan Hutasoit, M.Pd",himawan.212@gmail.com
E-C489,Diana Astuti,diana.445@gmail.com
E-C490,Cakrabirawa Haryanto,cakrabirawa.494@gmail.com
E-C491,Putri Anggraini,putri.589@gmail.com
E-C492,"R.M. Hari Maheswara, M.Farm",r.m..236@gmail.com
E-C493,Maya Haryanti,maya.804@gmail.com
E-C494,Timbul Mulyani,timbul.571@gmail.com
E-C495,Usyi Palastri,usyi.151@gmail.com
E-C496,Syahrini Prasetya,syahrini.213@gmail.com
E-C497,Maimunah Anggriawan,maimunah.749@gmail.com
E-C498,Tirtayasa Usada,tirtayasa.438@gmail.com
E-C499,"Sutan Raditya Anggriawan, S.E.I",sutan.853@gmail.com
E-C500,"Iriana Lestari, S.Kom",iriana.561@gmail.com
E-C501,Niyaga Thamrin,niyaga.453@gmail.com
E-C502,R.M. Harimurti Winarno,r.m..283@gmail.com
E-C503,"Ajimat Pranowo, M.M.",ajimat.801@gmail.com
E-C504,Rahman Irawan,rahman.112@gmail.com
E-C505,Prakosa Saptono,prakosa.631@gmail.com
E-C506,Kusuma Lazuardi,kusuma.571@gmail.com
E-C507,"Dt. Gandi Suryatmi, S.T.",dt..525@gmail.com
E-C508,"Hari Permadi, S.Gz",hari.742@gmail.com
E-C509,"Eli Dongoran, S.E.I",eli.346@gmail.com
E-C510,"Dr. Titin Sirait, S.H.",dr..323@gmail.com
E-C511,Dr. Rachel Prastuti,dr..116@gmail.com
E-C512,Puspa Waluyo,puspa.120@gmail.com
E-C513,"Danang Wahyudin, S.Pt",danang.108@gmail.com
E-C514,Safina Yolanda,safina.737@gmail.com
E-C515,"H. Mulya Andriani, S.Gz",mulya.688@gmail.com
E-C516,KH. Koko Tampubolon,kh..583@gmail.com
E-C517,Eka Safitri,eka.283@gmail.com
E-C518,Cut Ella Halimah,cut.338@gmail.com
E-C519,Samsul Megantara,samsul.203@gmail.com
E-C520,Ajeng Najmudin,ajeng.640@gmail.com
E-C521,Laila Simanjuntak,laila.484@gmail.com
E-C522,Warta Gunarto,warta.935@gmail.com
E-C523,Garang Gunarto,garang.610@gmail.com
E-C524,Jatmiko Damanik,jatmiko.414@gmail.com
E-C525,"dr. Ulva Nasyidah, S.T.",dr..878@gmail.com
E-C526,"Yance Hakim, S.Pt",yance.831@gmail.com
E-C527,Cahyo Mahendra,cahyo.898@gmail.com
E-C528,Azalea Yolanda,azalea.287@gmail.com
E-C529,Lala Andriani,lala.545@gmail.com
E-C530,"Mahdi Hariyah, M.M.",mahdi.720@gmail.com
E-C531,Olga Utami,olga.594@gmail.com
E-C532,Syahrini Kurniawan,syahrini.316@gmail.com
E-C533,R.M. Virman Kurniawan,r.m..693@gmail.com
E-C534,Hartana Astuti,hartana.792@gmail.com
E-C535,Hana Mustofa,hana.309@gmail.com
E-C536,Rahman Iswahyudi,rahman.440@gmail.com
E-C537,Ciaobella Prayoga,ciaobella.393@gmail.com
E-C538,"Garan Maryadi, S.Pd",garan.231@gmail.com
E-C539,Dr. Oman Maulana,dr..396@gmail.com
E-C540,dr. Widya Sihombing,dr..290@gmail.com
E-C541,Marwata Haryanti,marwata.680@gmail.com
E-C542,Naradi Sitorus,naradi.849@gmail.com
E-C543,R.M. Dalimin Uwais,r.m..851@gmail.com
E-C544,Siska Widodo,siska.966@gmail.com
E-C545,"Puti Queen Latupono, S.H.",puti.795@gmail.com
E-C546,Devi Lazuardi,devi.800@gmail.com
E-C547,"R. Titi Mansur, S.Farm",titi.174@gmail.com
E-C548,drg. Gawati Sihombing,drg..501@gmail.com
E-C549,Lalita Puspita,lalita.304@gmail.com
E-C550,"Taufan Marpaung, S.Pd",taufan.845@gmail.com
E-C551,Cakrabirawa Winarsih,cakrabirawa.285@gmail.com
E-C552,"dr. Putri Nababan, S.Farm",dr..320@gmail.com
E-C553,"Victoria Kuswoyo, S.H.",victoria.808@gmail.com
E-C554,"Puti Shakila Hartati, S.Gz",puti.994@gmail.com
E-C555,Vinsen Anggriawan,vinsen.740@gmail.com
E-C556,Hana Oktaviani,hana.968@gmail.com
E-C557,Safina Utami,safina.117@gmail.com
E-C558,Ulya Januar,ulya.208@gmail.com
E-C559,Cengkir Natsir,cengkir.587@gmail.com
E-C560,Marsito Sitompul,marsito.292@gmail.com
E-C561,"Sutan Daniswara Nurdiyanti, S.Psi",sutan.160@gmail.com
E-C562,Panca Hariyah,panca.177@gmail.com
E-C563,Genta Yuniar,genta.592@gmail.com
E-C564,"R. Perkasa Salahudin, S.E.I",perkasa.992@gmail.com
E-C565,"Vera Susanti, S.Pd",vera.455@gmail.com
E-C566,Hari Habibi,hari.505@gmail.com
E-C567,"Rafid Rahmawati, S.Pd",rafid.107@gmail.com
E-C568,Tgk. Ganjaran Napitupulu,tgk..906@gmail.com
E-C569,"drg. Asmadi Kusmawati, S.H.",drg..929@gmail.com
E-C570,Gading Mulyani,gading.567@gmail.com
E-C571,"Prakosa Najmudin, S.IP",prakosa.986@gmail.com
E-C572,"Karman Laksmiwati, S.Gz",karman.364@gmail.com
E-C573,"Sutan Wasis Palastri, M.M.",sutan.489@gmail.com
E-C574,Cut Hafshah Hastuti,cut.339@gmail.com
E-C575,Ellis Siregar,ellis.430@gmail.com
E-C576,Rangga Najmudin,rangga.112@gmail.com
E-C577,Drs. Talia Widiastuti,drs..394@gmail.com
E-C578,"Puti Vicky Lazuardi, S.T.",puti.493@gmail.com
E-C579,Niyaga Saefullah,niyaga.137@gmail.com
E-C580,"KH. Nardi Salahudin, S.Pd",kh..821@gmail.com
E-C581,Ir. Maida Irawan,ir..803@gmail.com
E-C582,"Icha Wibowo, M.M.",icha.789@gmail.com
E-C583,Ibun Purnawati,ibun.553@gmail.com
E-C584,"Sutan Pangeran Farida, S.E.",sutan.924@gmail.com
E-C585,Jefri Pangestu,jefri.447@gmail.com
E-C586,Dinda Suwarno,dinda.559@gmail.com
E-C587,Rafi Nurdiyanti,rafi.754@gmail.com
E-C588,"Dimaz Yolanda, S.Pt",dimaz.372@gmail.com
E-C589,Jumadi Pradana,jumadi.222@gmail.com
E-C590,"Dr. Eka Rahmawati, S.I.Kom",dr..399@gmail.com
E-C591,Kenzie Prasetya,kenzie.630@gmail.com
E-C592,"Puti Vicky Hakim, S.Farm",puti.872@gmail.com
E-C593,Daliman Pratama,daliman.720@gmail.com
E-C594,Wakiman Usada,wakiman.767@gmail.com
E-C595,Irsad Habibi,irsad.722@gmail.com
E-C596,Jaiman Pradipta,jaiman.653@gmail.com
E-C597,"Zelaya Maheswara, S.E.I",zelaya.607@gmail.com
E-C598,dr. Joko Purnawati,dr..623@gmail.com
E-C599,Jabal Tarihoran,jabal.289@gmail.com
E-C600,Marsito Palastri,marsito.374@gmail.com
E-C601,T. Alambana Habibi,alambana.576@gmail.com
E-C602,Ir. Victoria Sitompul,ir..175@gmail.com
E-C603,"Praba Maryati, M.Pd",praba.381@gmail.com
E-C604,Dariati Setiawan,dariati.697@gmail.com
E-C605,Mursita Dabukke,mursita.532@gmail.com
E-C606,Drs. Ulva Uyainah,drs..527@gmail.com
E-C607,R.A. Amelia Latupono,r.a..999@gmail.com
E-C608,drg. Cemplunk Wijayanti,drg..959@gmail.com
E-C609,"Kiandra Usada, S.Farm",kiandra.939@gmail.com
E-C610,Ir. Hafshah Permadi,ir..181@gmail.com
E-C611,Gasti Hariyah,gasti.159@gmail.com
E-C612,Raditya Tamba,raditya.219@gmail.com
E-C613,"Ir. Amalia Mardhiyah, S.Psi",ir..672@gmail.com
E-C614,Mulya Purnawati,mulya.438@gmail.com
E-C615,Fathonah Pangestu,fathonah.815@gmail.com
E-C616,Simon Samosir,simon.996@gmail.com
E-C617,Pia Nasyiah,pia.897@gmail.com
E-C618,"Cagak Pertiwi, S.T.",cagak.351@gmail.com
E-C619,Kasiran Najmudin,kasiran.609@gmail.com
E-C620,"Vicky Pradana, S.Ked",vicky.770@gmail.com
E-C621,Jono Simbolon,jono.454@gmail.com
E-C622,"dr. Salwa Halim, S.Ked",dr..240@gmail.com
E-C623,Bakiadi Sitompul,bakiadi.635@gmail.com
E-C624,Luis Mardhiyah,luis.109@gmail.com
E-C625,Martani Waluyo,martani.445@gmail.com
E-C626,R.A. Sarah Laksmiwati,r.a..500@gmail.com
E-C627,Dina Ramadan,dina.503@gmail.com
E-C628,Jatmiko Wastuti,jatmiko.829@gmail.com
E-C629,"Dt. Galiono Wasita, M.Pd",dt..366@gmail.com
E-C630,Vera Yuliarti,vera.480@gmail.com
E-C631,Cager Gunawan,cager.134@gmail.com
E-C632,"drg. Yani Novitasari, S.E.I",drg..312@gmail.com
E-C633,Tgk. Anastasia Sirait,tgk..687@gmail.com
E-C634,Dr. Puji Nasyidah,dr..555@gmail.com
E-C635,Oni Hidayanto,oni.585@gmail.com
E-C636,Karimah Mandasari,karimah.892@gmail.com
E-C637,Elma Sihotang,elma.711@gmail.com
E-C638,Hardana Padmasari,hardana.905@gmail.com
E-C639,"Gamanto Utama, M.TI.",gamanto.755@gmail.com
E-C640,"Parman Thamrin, S.E.",parman.243@gmail.com
E-C641,Jatmiko Wastuti,jatmiko.973@gmail.com
E-C642,Elvina Pratama,elvina.591@gmail.com
E-C643,"Ir. Ratna Utami, M.TI.",ir..479@gmail.com
E-C644,Ghaliyati Mandasari,ghaliyati.135@gmail.com
E-C645,Garan Nashiruddin,garan.962@gmail.com
E-C646,"T. Heryanto Namaga, M.Pd",heryanto.444@gmail.com
E-C647,R.A. Ratna Usada,r.a..660@gmail.com
E-C648,"Hj. Lili Sihombing, S.E.",hj..339@gmail.com
E-C649,Galak Wulandari,galak.146@gmail.com
E-C650,"Drs. Empluk Pradipta, S.IP",drs..955@gmail.com
E-C651,"Bakiadi Habibi, S.Ked",bakiadi.387@gmail.com
E-C652,"Tgk. Sabri Gunawan, S.I.Kom",tgk..507@gmail.com
E-C653,"Jefri Widiastuti, M.Ak",jefri.374@gmail.com
E-C654,Yunita Firgantoro,yunita.549@gmail.com
E-C655,Dr. Nabila Maryadi,dr..261@gmail.com
E-C656,"Wage Zulaika, M.M.",wage.672@gmail.com
E-C657,Yunita Winarsih,yunita.973@gmail.com
E-C658,"Dt. Harja Mayasari, S.IP",dt..614@gmail.com
E-C659,Catur Natsir,catur.701@gmail.com
E-C660,"Mustofa Pangestu, M.Kom.",mustofa.415@gmail.com
E-C661,Eva Wulandari,eva.790@gmail.com
E-C662,Cut Yance Usada,cut.815@gmail.com
E-C663,"Hj. Ika Puspasari, M.Farm",hj..312@gmail.com
E-C664,Zaenab Zulaika,zaenab.105@gmail.com
E-C665,Widya Novitasari,widya.251@gmail.com
E-C666,Tugiman Hidayat,tugiman.328@gmail.com
E-C667,Tina Zulaika,tina.832@gmail.com
E-C668,Aslijan Pangestu,aslijan.608@gmail.com
E-C669,"KH. Kenari Waluyo, S.Sos",kh..964@gmail.com
E-C670,dr. Gasti Saragih,dr..386@gmail.com
E-C671,Purwadi Marbun,purwadi.893@gmail.com
E-C672,Rini Pradipta,rini.537@gmail.com
E-C673,Mila Gunawan,mila.137@gmail.com
E-C674,Taufan Rahmawati,taufan.151@gmail.com
E-C675,"Cut Elisa Hidayat, S.H.",cut.247@gmail.com
E-C676,"Intan Rajasa, S.Pt",intan.202@gmail.com
E-C677,"Balijan Tarihoran, S.I.Kom",balijan.886@gmail.com
E-C678,Keisha Wijaya,keisha.679@gmail.com
E-C679,Vivi Napitupulu,vivi.521@gmail.com
E-C680,Pia Kusumo,pia.431@gmail.com
E-C681,Nova Wacana,nova.621@gmail.com
E-C682,"Tgk. Unjani Putra, S.Kom",tgk..261@gmail.com
E-C683,"drg. Titi Siregar, M.Farm",drg..706@gmail.com
E-C684,"R.A. Gawati Nugroho, M.Kom.",r.a..429@gmail.com
E-C685,Cayadi Adriansyah,cayadi.455@gmail.com
E-C686,Hani Tamba,hani.197@gmail.com
E-C687,"Vera Firgantoro, M.Kom.",vera.761@gmail.com
E-C688,"Umay Hidayat, S.Sos",umay.310@gmail.com
E-C689,Irwan Pradipta,irwan.295@gmail.com
E-C690,Kamila Kuswandari,kamila.614@gmail.com
E-C691,Anita Utama,anita.549@gmail.com
E-C692,Caturangga Siregar,caturangga.236@gmail.com
E-C693,Balamantri Sitompul,balamantri.705@gmail.com
E-C694,Adhiarja Marpaung,adhiarja.353@gmail.com
E-C695,Baktiadi Handayani,baktiadi.133@gmail.com
E-C696,"Dr. Dimaz Marbun, S.Sos",dr..922@gmail.com
E-C697,Drs. Yuni Laksita,drs..995@gmail.com
E-C698,"Rahmi Widodo, S.Farm",rahmi.597@gmail.com
E-C699,Laila Pranowo,laila.951@gmail.com
E-C700,"Dr. Satya Farida, S.Pt",dr..428@gmail.com
E-C701,"R.A. Sakura Tampubolon, S.Pd",r.a..646@gmail.com
E-C702,Hilda Suryono,hilda.440@gmail.com
E-C703,R.M. Daruna Halimah,r.m..437@gmail.com
E-C704,Yunita Pradana,yunita.383@gmail.com
E-C705,"Umi Rajasa, S.E.I",umi.967@gmail.com
E-C706,"Tgk. Hani Uyainah, S.I.Kom",tgk..806@gmail.com
E-C707,Kasiran Winarno,kasiran.302@gmail.com
E-C708,R. Cici Waskita,cici.459@gmail.com
E-C709,Vanesa Rajata,vanesa.697@gmail.com
E-C710,Omar Hartati,omar.578@gmail.com
E-C711,"Putri Riyanti, S.T.",putri.794@gmail.com
E-C712,Vero Thamrin,vero.161@gmail.com
E-C713,Oni Pradana,oni.709@gmail.com
E-C714,Lintang Gunawan,lintang.919@gmail.com
E-C715,Lala Prabowo,lala.357@gmail.com
E-C716,"Tgk. Gabriella Wahyuni, S.Kom",tgk..358@gmail.com
E-C717,Tina Sitompul,tina.319@gmail.com
E-C718,"R.M. Gamanto Nurdiyanti, S.Pd",r.m..807@gmail.com
E-C719,Galak Firgantoro,galak.938@gmail.com
E-C720,Marsito Thamrin,marsito.414@gmail.com
E-C721,Karman Pertiwi,karman.282@gmail.com
E-C722,"Tina Usamah, S.Pd",tina.876@gmail.com
E-C723,Devi Pradana,devi.898@gmail.com
E-C724,Elisa Sihombing,elisa.177@gmail.com
E-C725,Ade Maulana,ade.725@gmail.com
E-C726,R. Jane Widodo,jane.178@gmail.com
E-C727,Galur Thamrin,galur.186@gmail.com
E-C728,dr. Ciaobella Yolanda,dr..703@gmail.com
E-C729,Jelita Novitasari,jelita.660@gmail.com
E-C730,"Sutan Cahyadi Saptono, S.Psi",sutan.793@gmail.com
E-C731,"Kiandra Mustofa, S.Farm",kiandra.312@gmail.com
E-C732,Siti Prastuti,siti.773@gmail.com
E-C733,"Talia Gunawan, M.Kom.",talia.586@gmail.com
E-C734,Widya Saptono,widya.308@gmail.com
E-C735,"R. Ilsa Marpaung, S.Gz",ilsa.847@gmail.com
E-C736,Tgk. Dewi Waskita,tgk..916@gmail.com
E-C737,Dina Zulaika,dina.659@gmail.com
E-C738,Sarah Maulana,sarah.131@gmail.com
E-C739,Maimunah Anggriawan,maimunah.835@gmail.com
E-C740,Hamzah Setiawan,hamzah.129@gmail.com
E-C741,"H. Jumari Halim, S.Ked",jumari.505@gmail.com
E-C742,Iriana Mansur,iriana.748@gmail.com
E-C743,Bahuwarna Samosir,bahuwarna.207@gmail.com
E-C744,Tania Mardhiyah,tania.403@gmail.com
E-C745,Emil Mahendra,emil.486@gmail.com
E-C746,drg. Calista Thamrin,drg..310@gmail.com
E-C747,Iriana Napitupulu,iriana.408@gmail.com
E-C748,Raihan Lestari,raihan.613@gmail.com
E-C749,"Sutan Martani Kusumo, S.Ked",sutan.260@gmail.com
E-C750,"Dr. Zizi Maulana, S.Psi",dr..584@gmail.com
E-C751,"Drs. Samsul Gunarto, S.Kom",drs..367@gmail.com
E-C752,Padmi Nasyiah,padmi.903@gmail.com
E-C753,Ade Andriani,ade.962@gmail.com
E-C754,Zalindra Padmasari,zalindra.591@gmail.com
E-C755,Tgk. Mariadi Prayoga,tgk..529@gmail.com
E-C756,drg. Kasiyah Pertiwi,drg..951@gmail.com
E-C757,Hari Megantara,hari.100@gmail.com
E-C758,Yessi Haryanti,yessi.874@gmail.com
E-C759,Yani Nasyidah,yani.121@gmail.com
E-C760,Cecep Namaga,cecep.368@gmail.com
E-C761,Ghaliyati Maulana,ghaliyati.345@gmail.com
E-C762,"Lanjar Saputra, S.I.Kom",lanjar.530@gmail.com
E-C763,Usman Waluyo,usman.101@gmail.com
E-C764,Rahmi Pangestu,rahmi.394@gmail.com
E-C765,"R. Amalia Zulaika, S.Sos",amalia.527@gmail.com
E-C766,Setya Maryati,setya.488@gmail.com
E-C767,"Jamal Susanti, S.Gz",jamal.577@gmail.com
E-C768,Abyasa Nasyidah,abyasa.534@gmail.com
E-C769,Cut Ciaobella Kuswoyo,cut.683@gmail.com
E-C770,Ciaobella Laksmiwati,ciaobella.880@gmail.com
E-C771,Jefri Siregar,jefri.559@gmail.com
E-C772,Slamet Maheswara,slamet.417@gmail.com
E-C773,"Salimah Gunawan, M.Ak",salimah.599@gmail.com
E-C774,"R.M. Kambali Marpaung, S.Gz",r.m..680@gmail.com
E-C775,Cahyo Andriani,cahyo.628@gmail.com
E-C776,"Hairyanto Dongoran, S.Psi",hairyanto.583@gmail.com
E-C777,Jayeng Andriani,jayeng.280@gmail.com
E-C778,Cager Palastri,cager.194@gmail.com
E-C779,Dt. Najam Dabukke,dt..714@gmail.com
E-C780,Febi Suryatmi,febi.328@gmail.com
E-C781,Drs. Dodo Mulyani,drs..476@gmail.com
E-C782,"KH. Emin Puspita, S.Pd",kh..652@gmail.com
E-C783,Fitriani Pangestu,fitriani.736@gmail.com
E-C784,Ajiono Suryono,ajiono.752@gmail.com
E-C785,Ajeng Pranowo,ajeng.668@gmail.com
E-C786,Syahrini Maulana,syahrini.296@gmail.com
E-C787,Gasti Andriani,gasti.490@gmail.com
E-C788,Panji Purnawati,panji.831@gmail.com
E-C789,Salsabila Nurdiyanti,salsabila.644@gmail.com
E-C790,Kenes Rajasa,kenes.748@gmail.com
E-C791,Dono Prasetya,dono.911@gmail.com
E-C792,Tgk. Labuh Simbolon,tgk..376@gmail.com
E-C793,Bella Anggriawan,bella.441@gmail.com
E-C794,Dr. Zulfa Habibi,dr..702@gmail.com
E-C795,"Hamima Mansur, S.H.",hamima.100@gmail.com
E-C796,"Halima Salahudin, S.Sos",halima.571@gmail.com
E-C797,Lili Yuliarti,lili.763@gmail.com
E-C798,dr. Nova Fujiati,dr..838@gmail.com
E-C799,Sidiq Suryono,sidiq.238@gmail.com
E-C800,Kemal Prakasa,kemal.556@gmail.com
E-C801,"KH. Edison Widodo, S.T.",kh..464@gmail.com
E-C802,Margana Wijaya,margana.859@gmail.com
E-C803,"Jindra Saptono, S.Sos",jindra.659@gmail.com
E-C804,"drg. Maya Suryono, S.Pt",drg..798@gmail.com
E-C805,"Ghaliyati Nashiruddin, S.E.I",ghaliyati.347@gmail.com
E-C806,Jais Saragih,jais.552@gmail.com
E-C807,Bahuraksa Laksita,bahuraksa.892@gmail.com
E-C808,Gamani Mayasari,gamani.183@gmail.com
E-C809,"Kiandra Hidayat, M.Ak",kiandra.461@gmail.com
E-C810,Teguh Hakim,teguh.653@gmail.com
E-C811,Yuliana Hartati,yuliana.607@gmail.com
E-C812,Tgk. Yono Hidayat,tgk..179@gmail.com
E-C813,Samsul Rahimah,samsul.885@gmail.com
E-C814,Cut Belinda Puspita,cut.917@gmail.com
E-C815,Wawan Widodo,wawan.752@gmail.com
E-C816,Capa Pratiwi,capa.443@gmail.com
E-C817,"Jais Sinaga, M.M.",jais.492@gmail.com
E-C818,Jagaraga Utami,jagaraga.881@gmail.com
E-C819,"Puti Lili Uyainah, S.T.",puti.452@gmail.com
E-C820,Jaiman Zulkarnain,jaiman.485@gmail.com
E-C821,Rizki Kusumo,rizki.376@gmail.com
E-C822,KH. Paiman Setiawan,kh..297@gmail.com
E-C823,Jasmin Situmorang,jasmin.129@gmail.com
E-C824,Zaenab Hidayanto,zaenab.151@gmail.com
E-C825,Nardi Saputra,nardi.931@gmail.com
E-C826,"Sutan Dadap Aryani, M.Pd",sutan.336@gmail.com
E-C827,Warji Mandala,warji.636@gmail.com
E-C828,Darmana Fujiati,darmana.280@gmail.com
E-C829,Nyana Hastuti,nyana.942@gmail.com
E-C830,"Wahyu Prabowo, S.IP",wahyu.368@gmail.com
E-C831,R.M. Murti Anggraini,r.m..712@gmail.com
E-C832,"Mursita Sinaga, S.Pd",mursita.423@gmail.com
E-C833,"Sutan Hartana Iswahyudi, M.Pd",sutan.205@gmail.com
E-C834,Tgk. Tantri Sinaga,tgk..686@gmail.com
E-C835,"Cecep Zulaika, M.Kom.",cecep.643@gmail.com
E-C836,"Kasusra Salahudin, S.Pd",kasusra.347@gmail.com
E-C837,"Tgk. Hafshah Riyanti, M.Ak",tgk..883@gmail.com
E-C838,Dewi Purnawati,dewi.686@gmail.com
E-C839,Diah Adriansyah,diah.332@gmail.com
E-C840,Bala Mayasari,bala.969@gmail.com
E-C841,"Drs. Padmi Yuliarti, M.M.",drs..383@gmail.com
E-C842,Cengkir Marbun,cengkir.501@gmail.com
E-C843,Catur Wibisono,catur.731@gmail.com
E-C844,Ida Adriansyah,ida.531@gmail.com
E-C845,"Caraka Hutapea, S.E.I",caraka.815@gmail.com
E-C846,Wani Hidayanto,wani.137@gmail.com
E-C847,Lidya Uyainah,lidya.645@gmail.com
E-C848,Muhammad Habibi,muhammad.142@gmail.com
E-C849,"Ina Zulaika, S.Ked",ina.582@gmail.com
E-C850,Usman Maulana,usman.775@gmail.com
E-C851,Radit Nababan,radit.711@gmail.com
E-C852,"Nilam Puspita, S.Gz",nilam.615@gmail.com
E-C853,Drs. Hafshah Manullang,drs..291@gmail.com
E-C854,"Pangestu Simbolon, S.I.Kom",pangestu.651@gmail.com
E-C855,drg. Rini Prastuti,drg..799@gmail.com
E-C856,Dalima Wacana,dalima.348@gmail.com
E-C857,"Tgk. Karta Rahimah, S.Farm",tgk..140@gmail.com
E-C858,Samiah Maryadi,samiah.727@gmail.com
E-C859,Banawi Siregar,banawi.907@gmail.com
E-C860,Kayla Kuswoyo,kayla.703@gmail.com
E-C861,Ir. Banawa Wacana,ir..464@gmail.com
E-C862,Dalima Safitri,dalima.258@gmail.com
E-C863,"T. Mulyanto Prabowo, M.Ak",mulyanto.503@gmail.com
E-C864,Ir. Tirtayasa Palastri,ir..335@gmail.com
E-C865,Puti Najwa Pertiwi,puti.962@gmail.com
E-C866,drg. Harsaya Najmudin,drg..307@gmail.com
E-C867,"Nasrullah Prayoga, S.Farm",nasrullah.756@gmail.com
E-C868,"Edward Wibowo, M.TI.",edward.839@gmail.com
E-C869,Hendra Purwanti,hendra.859@gmail.com
E-C870,KH. Irwan Sirait,kh..184@gmail.com
E-C871,Yusuf Wahyudin,yusuf.135@gmail.com
E-C872,Ayu Suryatmi,ayu.529@gmail.com
E-C873,"Warsa Mangunsong, S.IP",warsa.498@gmail.com
E-C874,Tina Budiman,tina.126@gmail.com
E-C875,Perkasa Safitri,perkasa.742@gmail.com
E-C876,Dagel Purnawati,dagel.125@gmail.com
E-C877,Eka Usamah,eka.370@gmail.com
E-C878,Garda Yuniar,garda.479@gmail.com
E-C879,Nasab Maulana,nasab.366@gmail.com
E-C880,Ayu Uyainah,ayu.383@gmail.com
E-C881,Pia Rahmawati,pia.405@gmail.com
E-C882,R. Panca Budiyanto,panca.895@gmail.com
E-C883,Ratna Salahudin,ratna.338@gmail.com
E-C884,drg. Gatra Setiawan,drg..370@gmail.com
E-C885,Dr. Warji Rahimah,dr..676@gmail.com
E-C886,"T. Soleh Saputra, S.Farm",soleh.748@gmail.com
E-C887,"Kalim Salahudin, S.Farm",kalim.314@gmail.com
E-C888,"Janet Kuswoyo, M.TI.",janet.765@gmail.com
E-C889,Dacin Nashiruddin,dacin.774@gmail.com
E-C890,"Gabriella Sudiati, S.Sos",gabriella.667@gmail.com
E-C891,Damar Gunawan,damar.154@gmail.com
E-C892,dr. Ikhsan Lestari,dr..604@gmail.com
E-C893,Cemeti Wibisono,cemeti.830@gmail.com
E-C894,Jabal Hardiansyah,jabal.475@gmail.com
E-C895,Anggabaya Rahimah,anggabaya.342@gmail.com
E-C896,Kacung Zulkarnain,kacung.681@gmail.com
E-C897,"Maida Haryanti, M.TI.",maida.235@gmail.com
E-C898,Atma Budiman,atma.923@gmail.com
E-C899,"Langgeng Prabowo, S.Psi",langgeng.578@gmail.com
E-C900,Maryanto Hartati,maryanto.202@gmail.com
E-C901,"Nilam Maulana, S.H.",nilam.454@gmail.com
E-C902,"Bagya Sinaga, S.Psi",bagya.179@gmail.com
E-C903,Bagya Hassanah,bagya.715@gmail.com
E-C904,Ir. Vanesa Pratama,ir..679@gmail.com
E-C905,"Ir. Balangga Nasyidah, S.Pd",ir..469@gmail.com
E-C906,"Jaka Jailani, S.I.Kom",jaka.653@gmail.com
E-C907,Hana Siregar,hana.516@gmail.com
E-C908,R.A. Lala Pudjiastuti,r.a..473@gmail.com
E-C909,"Tgk. Bahuwarna Safitri, S.Gz",tgk..992@gmail.com
E-C910,Ani Hidayanto,ani.265@gmail.com
E-C911,Sutan Legawa Andriani,sutan.715@gmail.com
E-C912,Bakidin Anggriawan,bakidin.145@gmail.com
E-C913,Tugiman Firmansyah,tugiman.364@gmail.com
E-C914,Septi Lailasari,septi.129@gmail.com
E-C915,Ir. Maya Hutapea,ir..586@gmail.com
E-C916,Jasmin Tamba,jasmin.314@gmail.com
E-C917,Raditya Nuraini,raditya.742@gmail.com
E-C918,R. Bella Utama,bella.523@gmail.com
E-C919,"Cut Juli Permadi, S.Sos",cut.502@gmail.com
E-C920,"Manah Permadi, S.Farm",manah.760@gmail.com
E-C921,Rachel Nasyiah,rachel.746@gmail.com
E-C922,"Tira Agustina, M.Farm",tira.616@gmail.com
E-C923,Unjani Utami,unjani.374@gmail.com
E-C924,Hasta Handayani,hasta.857@gmail.com
E-C925,"Dt. Opan Winarsih, S.Farm",dt..925@gmail.com
E-C926,dr. Cawuk Nuraini,dr..922@gmail.com
E-C927,Talia Nashiruddin,talia.810@gmail.com
E-C928,R. Hairyanto Nababan,hairyanto.264@gmail.com
E-C929,"Cut Eka Sihombing, S.I.Kom",cut.534@gmail.com
E-C930,Lalita Maheswara,lalita.119@gmail.com
E-C931,Azalea Mardhiyah,azalea.839@gmail.com
E-C932,Yulia Tarihoran,yulia.429@gmail.com
E-C933,"Dian Nasyiah, S.Pd",dian.516@gmail.com
E-C934,"Aswani Sinaga, M.M.",aswani.989@gmail.com
E-C935,Prayoga Tamba,prayoga.180@gmail.com
E-C936,Cornelia Rajata,cornelia.298@gmail.com
E-C937,"Zahra Irawan, S.Psi",zahra.825@gmail.com
E-C938,"drg. Ulva Sihombing, S.E.",drg..952@gmail.com
E-C939,Calista Yulianti,calista.546@gmail.com
E-C940,Kartika Kusmawati,kartika.113@gmail.com
E-C941,"Upik Farida, S.H.",upik.916@gmail.com
E-C942,"Cinta Wijaya, M.M.",cinta.115@gmail.com
E-C943,Kani Pratama,kani.831@gmail.com
E-C944,"Usman Usamah, S.E.I",usman.675@gmail.com
E-C945,Aris Yulianti,aris.598@gmail.com
E-C946,T. Bakidin Pertiwi,bakidin.895@gmail.com
E-C947,Rini Latupono,rini.440@gmail.com
E-C948,Olivia Aryani,olivia.367@gmail.com
E-C949,Manah Kurniawan,manah.997@gmail.com
E-C950,dr. Bajragin Suryono,dr..167@gmail.com
E-C951,Rina Mansur,rina.399@gmail.com
E-C952,Enteng Nuraini,enteng.586@gmail.com
E-C953,Hj. Ira Wahyuni,hj..306@gmail.com
E-C954,Martana Prayoga,martana.909@gmail.com
E-C955,Puji Safitri,puji.506@gmail.com
E-C956,Queen Sudiati,queen.637@gmail.com
E-C957,"Cut Alika Megantara, S.Pt",cut.346@gmail.com
E-C958,Darman Permadi,darman.813@gmail.com
E-C959,Septi Pudjiastuti,septi.492@gmail.com
E-C960,Baktiono Fujiati,baktiono.678@gmail.com
E-C961,Juli Melani,juli.220@gmail.com
E-C962,Wardaya Siregar,wardaya.422@gmail.com
E-C963,Galang Lazuardi,galang.342@gmail.com
E-C964,Jagaraga Farida,jagaraga.227@gmail.com
E-C965,Karma Wibowo,karma.525@gmail.com
E-C966,Cagak Widodo,cagak.368@gmail.com
E-C967,Uli Utama,uli.306@gmail.com
E-C968,Ir. Febi Waskita,ir..737@gmail.com
E-C969,Luis Uyainah,luis.146@gmail.com
E-C970,Indra Nugroho,indra.682@gmail.com
E-C971,Ina Yulianti,ina.171@gmail.com
E-C972,Gara Firmansyah,gara.538@gmail.com
E-C973,Cut Yuliana Pertiwi,cut.720@gmail.com
E-C974,Yuliana Saefullah,yuliana.427@gmail.com
E-C975,Eluh Wahyudin,eluh.881@gmail.com
E-C976,Cawisono Megantara,cawisono.319@gmail.com
E-C977,Purwa Maryati,purwa.383@gmail.com
E-C978,"KH. Ajiman Mahendra, S.Sos",kh..361@gmail.com
E-C979,Ami Zulkarnain,ami.273@gmail.com
E-C980,Ibrani Aryani,ibrani.530@gmail.com
E-C981,drg. Suci Laksita,drg..917@gmail.com
E-C982,Digdaya Permadi,digdaya.406@gmail.com
E-C983,Dr. Cakrawala Wijaya,dr..703@gmail.com
E-C984,Drs. Limar Hariyah,drs..374@gmail.com
E-C985,"Ir. Endah Utami, S.Sos",ir..140@gmail.com
E-C986,"Tgk. Harsanto Firmansyah, M.M.",tgk..311@gmail.com
E-C987,"Kamaria Rajata, S.Ked",kamaria.507@gmail.com
E-C988,Rudi Wijayanti,rudi.131@gmail.com
E-C989,Purwa Damanik,purwa.803@gmail.com
E-C990,"Cut Puspa Hardiansyah, S.T.",cut.983@gmail.com
E-C991,Jelita Susanti,jelita.852@gmail.com
E-C992,Adikara Padmasari,adikara.438@gmail.com
E-C993,Zizi Anggriawan,zizi.269@gmail.com
E-C994,Harjaya Hidayanto,harjaya.605@gmail.com
E-C995,Lala Mandala,lala.845@gmail.com
E-C996,Irma Hakim,irma.470@gmail.com
E-C997,Azalea Siregar,azalea.332@gmail.com
E-C998,Setya Sihombing,setya.398@gmail.com
E-C999,"Tgk. Rama Prakasa, S.Ked",tgk..682@gmail.com
E-C1000,Prakosa Ardianto,prakosa.389@gmail.com
E-C1001,Wardaya Maryadi,wardaya.975@gmail.com
E-C1002,Ir. Simon Sinaga,ir..338@gmail.com
E-C1003,Hamima Narpati,hamima.477@gmail.com
E-C1004,Nilam Puspasari,nilam.841@gmail.com
E-C1005,Betania Hutasoit,betania.531@gmail.com
E-C1006,Nardi Adriansyah,nardi.729@gmail.com
E-C1007,"Bakiadi Nainggolan, M.M.",bakiadi.826@gmail.com
E-C1008,Rahmat Nurdiyanti,rahmat.688@gmail.com
E-C1009,Waluyo Oktaviani,waluyo.375@gmail.com
E-C1010,Hasna Usamah,hasna.994@gmail.com
E-C1011,Jumari Najmudin,jumari.210@gmail.com
E-C1012,Dr. Yunita Yuliarti,dr..864@gmail.com
E-C1013,"Jarwa Mayasari, S.Psi",jarwa.101@gmail.com
E-C1014,KH. Lukman Samosir,kh..642@gmail.com
E-C1015,Jarwa Permadi,jarwa.865@gmail.com
E-C1016,"Joko Putra, M.M.",joko.978@gmail.com
E-C1017,"Shakila Suwarno, S.E.",shakila.778@gmail.com
E-C1018,Salimah Yolanda,salimah.140@gmail.com
E-C1019,"Rahmi Nurdiyanti, M.TI.",rahmi.629@gmail.com
E-C1020,Ilsa Jailani,ilsa.821@gmail.com
E-C1021,Ir. Puput Jailani,ir..197@gmail.com
E-C1022,Tirta Zulkarnain,tirta.156@gmail.com
E-C1023,Janet Maryadi,janet.777@gmail.com
E-C1024,Satya Usamah,satya.312@gmail.com
E-C1025,Qori Uyainah,qori.739@gmail.com
E-C1026,Hj. Iriana Anggraini,hj..101@gmail.com
E-C1027,Wardaya Ramadan,wardaya.504@gmail.com
E-C1028,Malika Nurdiyanti,malika.716@gmail.com
E-C1029,Harja Wahyuni,harja.464@gmail.com
E-C1030,"Puti Sadina Farida, M.Ak",puti.369@gmail.com
E-C1031,drg. Chelsea Sihombing,drg..752@gmail.com
E-C1032,Dt. Hasim Pradana,dt..526@gmail.com
E-C1033,Hj. Suci Hassanah,hj..233@gmail.com
E-C1034,Yuliana Irawan,yuliana.901@gmail.com
E-C1035,"Heru Winarsih, S.E.",heru.275@gmail.com
E-C1036,"Drs. Lamar Salahudin, S.Ked",drs..713@gmail.com
E-C1037,Elma Nainggolan,elma.620@gmail.com
E-C1038,Ir. Paris Yolanda,ir..306@gmail.com
E-C1039,Titi Hastuti,titi.563@gmail.com
E-C1040,"Martani Rahmawati, M.Pd",martani.560@gmail.com
E-C1041,Balijan Habibi,balijan.703@gmail.com
E-C1042,"R.M. Luluh Pratama, S.H.",r.m..553@gmail.com
E-C1043,Daniswara Mahendra,daniswara.308@gmail.com
E-C1044,"Dewi Maulana, S.Kom",dewi.324@gmail.com
E-C1045,Shakila Prasasta,shakila.754@gmail.com
E-C1046,"Dt. Parman Pangestu, M.Kom.",dt..685@gmail.com
E-C1047,dr. Vanya Wibisono,dr..479@gmail.com
E-C1048,Balijan Nugroho,balijan.458@gmail.com
E-C1049,Yuliana Pradipta,yuliana.702@gmail.com
E-C1050,Tgk. Fathonah Kuswoyo,tgk..555@gmail.com
E-C1051,Drs. Hendri Tamba,drs..945@gmail.com
E-C1052,Tari Safitri,tari.599@gmail.com
E-C1053,"Okta Hidayanto, S.Kom",okta.772@gmail.com
E-C1054,"Adika Widiastuti, M.Pd",adika.243@gmail.com
E-C1055,Harto Waskita,harto.390@gmail.com
E-C1056,Julia Sudiati,julia.227@gmail.com
E-C1057,Jaya Pratiwi,jaya.437@gmail.com
E-C1058,Irwan Hutapea,irwan.908@gmail.com
E-C1059,H. Praba Suryatmi,praba.968@gmail.com
E-C1060,Febi Sudiati,febi.422@gmail.com
E-C1061,Prayogo Wahyudin,prayogo.334@gmail.com
E-C1062,Hani Suwarno,hani.826@gmail.com
E-C1063,"Najam Najmudin, S.IP",najam.924@gmail.com
E-C1064,Dt. Johan Rajasa,dt..398@gmail.com
E-C1065,Luluh Astuti,luluh.454@gmail.com
E-C1066,Michelle Padmasari,michelle.871@gmail.com
E-C1067,"Raisa Suwarno, M.Farm",raisa.749@gmail.com
E-C1068,Legawa Pratiwi,legawa.875@gmail.com
E-C1069,Drs. Wadi Hidayanto,drs..580@gmail.com
E-C1070,Patricia Waskita,patricia.105@gmail.com
E-C1071,dr. Tira Anggriawan,dr..986@gmail.com
E-C1072,"Bakiadi Mangunsong, S.T.",bakiadi.787@gmail.com
E-C1073,"Tgk. Cahya Rajata, M.M.",tgk..114@gmail.com
E-C1074,Bella Wahyuni,bella.202@gmail.com
E-C1075,"Puti Sadina Latupono, M.Farm",puti.893@gmail.com
E-C1076,Elvina Pudjiastuti,elvina.601@gmail.com
E-C1077,H. Taufan Haryanti,taufan.249@gmail.com
E-C1078,Asmadi Pudjiastuti,asmadi.383@gmail.com
E-C1079,Rahmi Firmansyah,rahmi.961@gmail.com
E-C1080,Jaswadi Wastuti,jaswadi.614@gmail.com
E-C1081,"Salman Hidayat, S.Pt",salman.519@gmail.com
E-C1082,Shakila Permata,shakila.533@gmail.com
E-C1083,"dr. Maria Rahayu, S.I.Kom",dr..804@gmail.com
E-C1084,Drs. Garang Hutapea,drs..685@gmail.com
E-C1085,Ira Suwarno,ira.469@gmail.com
E-C1086,H. Kanda Wacana,kanda.957@gmail.com
E-C1087,Icha Uyainah,icha.910@gmail.com
E-C1088,Jumari Nababan,jumari.566@gmail.com
E-C1089,"Jelita Haryanto, S.IP",jelita.697@gmail.com
E-C1090,Ir. Dodo Mansur,ir..109@gmail.com
E-C1091,Dr. Aurora Wastuti,dr..311@gmail.com
E-C1092,Rahayu Prasasta,rahayu.617@gmail.com
E-C1093,Pranawa Simbolon,pranawa.458@gmail.com
E-C1094,Cengkal Wijayanti,cengkal.668@gmail.com
E-C1095,Puti Violet Nainggolan,puti.434@gmail.com
E-C1096,Betania Rahmawati,betania.223@gmail.com
E-C1097,Rachel Sitorus,rachel.715@gmail.com
E-C1098,"drg. Bella Prasasta, S.Kom",drg..872@gmail.com
E-C1099,Galiono Wijaya,galiono.411@gmail.com
E-C1100,Capa Hastuti,capa.495@gmail.com
E-C1101,"Sidiq Mahendra, M.Farm",sidiq.505@gmail.com
E-C1102,"Panji Sihombing, S.E.I",panji.121@gmail.com
E-C1103,Mulya Pudjiastuti,mulya.457@gmail.com
E-C1104,"Dr. Dina Pratama, S.H.",dr..212@gmail.com
E-C1105,Uli Prasetyo,uli.471@gmail.com
E-C1106,"Elma Jailani, S.Sos",elma.281@gmail.com
E-C1107,Zelda Sudiati,zelda.575@gmail.com
E-C1108,"Pardi Uyainah, S.Sos",pardi.780@gmail.com
E-C1109,Empluk Usamah,empluk.658@gmail.com
E-C1110,Raditya Marbun,raditya.881@gmail.com
E-C1111,R.A. Uchita Kusmawati,r.a..444@gmail.com
E-C1112,Kalim Rajasa,kalim.107@gmail.com
E-C1113,Dirja Latupono,dirja.105@gmail.com
E-C1114,"Unjani Nuraini, S.Psi",unjani.178@gmail.com
E-C1115,Kalim Saputra,kalim.185@gmail.com
E-C1116,Yosef Iswahyudi,yosef.910@gmail.com
E-C1117,"R. Ratna Putra, S.Psi",ratna.373@gmail.com
E-C1118,Yuliana Yuniar,yuliana.573@gmail.com
E-C1119,Cawisono Purnawati,cawisono.315@gmail.com
E-C1120,"drg. Hasna Samosir, S.Psi",drg..944@gmail.com
E-C1121,drg. Puji Nasyidah,drg..487@gmail.com
E-C1122,Betania Irawan,betania.689@gmail.com
E-C1123,"Ira Pranowo, S.E.",ira.614@gmail.com
E-C1124,Michelle Marpaung,michelle.813@gmail.com
E-C1125,Bakiono Hakim,bakiono.625@gmail.com
E-C1126,Jarwa Nasyiah,jarwa.262@gmail.com
E-C1127,"Taswir Natsir, S.I.Kom",taswir.732@gmail.com
E-C1128,Upik Hidayanto,upik.625@gmail.com
E-C1129,Ulya Sitompul,ulya.991@gmail.com
E-C1130,Martaka Mustofa,martaka.130@gmail.com
E-C1131,Surya Rahmawati,surya.591@gmail.com
E-C1132,"Dr. Jasmin Sinaga, M.Pd",dr..554@gmail.com
E-C1133,"H. Dipa Nashiruddin, S.Pd",dipa.909@gmail.com
E-C1134,Hasan Rajasa,hasan.104@gmail.com
E-C1135,Yosef Tamba,yosef.351@gmail.com
E-C1136,drg. Kasim Aryani,drg..432@gmail.com
E-C1137,Anita Kusumo,anita.850@gmail.com
E-C1138,Dt. Ozy Nasyidah,dt..370@gmail.com
E-C1139,Karja Damanik,karja.115@gmail.com
E-C1140,Wardaya Saefullah,wardaya.548@gmail.com
E-C1141,Laras Hardiansyah,laras.520@gmail.com
E-C1142,"Asmadi Hutasoit, S.T.",asmadi.345@gmail.com
E-C1143,"Puti Lalita Uwais, M.M.",puti.734@gmail.com
E-C1144,Hendri Marpaung,hendri.674@gmail.com
E-C1145,Gantar Halimah,gantar.371@gmail.com
E-C1146,"Eka Widodo, M.TI.",eka.560@gmail.com
E-C1147,"Rahayu Hidayanto, S.Gz",rahayu.556@gmail.com
E-C1148,Bambang Mahendra,bambang.973@gmail.com
E-C1149,Teguh Handayani,teguh.288@gmail.com
E-C1150,Zelda Simanjuntak,zelda.737@gmail.com
E-C1151,"Tgk. Tiara Megantara, S.Pt",tgk..499@gmail.com
E-C1152,H. Kasim Suryono,kasim.191@gmail.com
E-C1153,Padmi Nugroho,padmi.854@gmail.com
E-C1154,"Maryadi Prayoga, S.Psi",maryadi.541@gmail.com
E-C1155,Satya Kusumo,satya.605@gmail.com
E-C1156,Yessi Kuswandari,yessi.578@gmail.com
E-C1157,"Wahyu Yuliarti, S.H.",wahyu.582@gmail.com
E-C1158,"T. Caturangga Anggraini, S.IP",caturangga.221@gmail.com
E-C1159,"Syahrini Prakasa, S.E.",syahrini.712@gmail.com
E-C1160,Drs. Juli Hassanah,drs..140@gmail.com
E-C1161,Yunita Hidayat,yunita.643@gmail.com
E-C1162,dr. Satya Hariyah,dr..503@gmail.com
E-C1163,Edison Andriani,edison.548@gmail.com
E-C1164,Fitria Nugroho,fitria.914@gmail.com
E-C1165,"R.M. Gamblang Prayoga, M.Kom.",r.m..656@gmail.com
E-C1166,Safina Permata,safina.768@gmail.com
E-C1167,"Cut Wulan Waluyo, S.E.I",cut.109@gmail.com
E-C1168,Paulin Winarsih,paulin.392@gmail.com
E-C1169,Vanya Hartati,vanya.192@gmail.com
E-C1170,"Eva Widodo, S.T.",eva.481@gmail.com
E-C1171,dr. Purwa Tampubolon,dr..432@gmail.com
E-C1172,Queen Halimah,queen.426@gmail.com
E-C1173,"Dt. Xanana Setiawan, S.Kom",dt..957@gmail.com
E-C1174,Bagiya Nugroho,bagiya.986@gmail.com
E-C1175,Bala Simbolon,bala.553@gmail.com
E-C1176,R. Tira Pertiwi,tira.279@gmail.com
E-C1177,"Ellis Prabowo, S.Sos",ellis.706@gmail.com
E-C1178,Cut Salwa Tarihoran,cut.310@gmail.com
E-C1179,Bahuwirya Puspasari,bahuwirya.363@gmail.com
E-C1180,"Zaenab Yuliarti, M.TI.",zaenab.517@gmail.com
E-C1181,Kasiyah Pradana,kasiyah.281@gmail.com
E-C1182,Putri Mangunsong,putri.727@gmail.com
E-C1183,Dr. Olivia Budiyanto,dr..760@gmail.com
E-C1184,"Dt. Atma Siregar, S.T.",dt..460@gmail.com
E-C1185,Yusuf Yuniar,yusuf.552@gmail.com
E-C1186,Uli Pranowo,uli.413@gmail.com
E-C1187,"Gasti Saragih, M.TI.",gasti.443@gmail.com
E-C1188,Harjo Lailasari,harjo.825@gmail.com
E-C1189,Tari Pratiwi,tari.124@gmail.com
E-C1190,Dt. Maras Dabukke,dt..511@gmail.com
E-C1191,Ghaliyati Megantara,ghaliyati.631@gmail.com
E-C1192,Icha Gunawan,icha.565@gmail.com
E-C1193,"R. Restu Setiawan, M.Pd",restu.182@gmail.com
E-C1194,Gabriella Permata,gabriella.206@gmail.com
E-C1195,Ida Situmorang,ida.842@gmail.com
E-C1196,Violet Maulana,violet.545@gmail.com
E-C1197,Tgk. Ratih Damanik,tgk..911@gmail.com
E-C1198,"Laswi Anggraini, S.T.",laswi.787@gmail.com
E-C1199,Carla Pertiwi,carla.983@gmail.com
E-C1200,Drs. Tomi Kusmawati,drs..419@gmail.com
E-C1201,drg. Ifa Mulyani,drg..445@gmail.com
E-C1202,"Ozy Pradipta, S.H.",ozy.236@gmail.com
E-C1203,Jane Pranowo,jane.526@gmail.com
E-C1204,Hani Zulkarnain,hani.882@gmail.com
E-C1205,Ifa Widiastuti,ifa.195@gmail.com
E-C1206,Shania Yuniar,shania.172@gmail.com
E-C1207,"Hilda Prasetyo, S.Pd",hilda.992@gmail.com
E-C1208,R.M. Rama Habibi,r.m..329@gmail.com
E-C1209,Tgk. Nova Nasyidah,tgk..623@gmail.com
E-C1210,R.M. Adika Pertiwi,r.m..730@gmail.com
E-C1211,Ganda Maulana,ganda.838@gmail.com
E-C1212,drg. Damar Lestari,drg..330@gmail.com
E-C1213,Drs. Murti Maryati,drs..469@gmail.com
E-C1214,"R. Balidin Wastuti, S.I.Kom",balidin.564@gmail.com
E-C1215,Gamani Rahayu,gamani.726@gmail.com
E-C1216,Ira Salahudin,ira.177@gmail.com
E-C1217,Wahyu Januar,wahyu.898@gmail.com
E-C1218,Safina Mansur,safina.973@gmail.com
E-C1219,Najwa Dongoran,najwa.579@gmail.com
E-C1220,Cengkir Novitasari,cengkir.589@gmail.com
E-C1221,Raden Laksmiwati,raden.475@gmail.com
E-C1222,R. Hasan Widiastuti,hasan.263@gmail.com
E-C1223,"Puti Vanesa Hutagalung, S.Farm",puti.312@gmail.com
E-C1224,Sarah Pudjiastuti,sarah.975@gmail.com
E-C1225,Edi Saefullah,edi.110@gmail.com
E-C1226,Vicky Wastuti,vicky.867@gmail.com
E-C1227,"Darsirah Puspita, S.Kom",darsirah.567@gmail.com
E-C1228,Rahayu Kurniawan,rahayu.623@gmail.com
E-C1229,R.A. Queen Namaga,r.a..286@gmail.com
E-C1230,Arta Hutapea,arta.779@gmail.com
E-C1231,Nilam Waluyo,nilam.694@gmail.com
E-C1232,"Ilsa Saefullah, M.Farm",ilsa.959@gmail.com
E-C1233,Sutan Ibrahim Anggraini,sutan.747@gmail.com
E-C1234,Tgk. Talia Yuniar,tgk..203@gmail.com
E-C1235,Luthfi Ramadan,luthfi.522@gmail.com
E-C1236,drg. Tami Irawan,drg..279@gmail.com
E-C1237,Dipa Latupono,dipa.420@gmail.com
E-C1238,"Nadia Setiawan, S.H.",nadia.399@gmail.com
E-C1239,Hj. Wani Dongoran,hj..712@gmail.com
E-C1240,Diana Latupono,diana.725@gmail.com
E-C1241,Dimas Hutapea,dimas.462@gmail.com
E-C1242,"Hj. Ratih Gunarto, S.E.I",hj..894@gmail.com
E-C1243,Garan Irawan,garan.271@gmail.com
E-C1244,Calista Marpaung,calista.600@gmail.com
E-C1245,Widya Siregar,widya.939@gmail.com
E-C1246,Ina Waluyo,ina.153@gmail.com
E-C1247,Hj. Mala Firmansyah,hj..737@gmail.com
E-C1248,"Prabowo Mulyani, S.Pd",prabowo.955@gmail.com
E-C1249,Lala Budiman,lala.500@gmail.com
E-C1250,Taswir Oktaviani,taswir.886@gmail.com
E-C1251,Imam Hakim,imam.574@gmail.com
E-C1252,"Dt. Laksana Waskita, S.H.",dt..395@gmail.com
E-C1253,Galuh Palastri,galuh.983@gmail.com
E-C1254,"Gasti Rahimah, M.M.",gasti.178@gmail.com
E-C1255,"Cut Nova Pertiwi, M.Kom.",cut.836@gmail.com
E-C1256,"Eva Pangestu, M.Farm",eva.318@gmail.com
E-C1257,Darman Wijayanti,darman.256@gmail.com
E-C1258,Ifa Mangunsong,ifa.404@gmail.com
E-C1259,Okto Nainggolan,okto.715@gmail.com
E-C1260,"Lasmanto Mayasari, M.TI.",lasmanto.469@gmail.com
E-C1261,"drg. Ilyas Sudiati, S.Kom",drg..309@gmail.com
E-C1262,Eko Putra,eko.304@gmail.com
E-C1263,"Usyi Hartati, S.Pd",usyi.167@gmail.com
E-C1264,Jati Putra,jati.184@gmail.com
E-C1265,Karen Anggriawan,karen.965@gmail.com
E-C1266,"Raina Laksmiwati, M.Pd",raina.443@gmail.com
E-C1267,Betania Pangestu,betania.869@gmail.com
E-C1268,Raina Usada,raina.246@gmail.com
E-C1269,Sutan Marsito Kurniawan,sutan.779@gmail.com
E-C1270,Jaga Puspasari,jaga.379@gmail.com
E-C1271,Warji Maheswara,warji.396@gmail.com
E-C1272,Elma Prasetya,elma.294@gmail.com
E-C1273,Sutan Harto Novitasari,sutan.202@gmail.com
E-C1274,dr. Indah Melani,dr..522@gmail.com
E-C1275,Carub Dabukke,carub.884@gmail.com
E-C1276,Maida Anggriawan,maida.554@gmail.com
E-C1277,Banara Najmudin,banara.326@gmail.com
E-C1278,dr. Rusman Mardhiyah,dr..159@gmail.com
E-C1279,"Ganjaran Salahudin, M.TI.",ganjaran.433@gmail.com
E-C1280,"Ella Simanjuntak, S.H.",ella.580@gmail.com
E-C1281,"Ir. Adiarja Utami, S.Farm",ir..304@gmail.com
E-C1282,Ellis Laksita,ellis.384@gmail.com
E-C1283,Simon Nasyiah,simon.762@gmail.com
E-C1284,"Drs. Aditya Pradipta, S.T.",drs..177@gmail.com
E-C1285,Jefri Pratiwi,jefri.715@gmail.com
E-C1286,Kania Sihotang,kania.362@gmail.com
E-C1287,"dr. Ratih Nurdiyanti, S.Sos",dr..823@gmail.com
E-C1288,Humaira Fujiati,humaira.996@gmail.com
E-C1289,Ganjaran Zulaika,ganjaran.818@gmail.com
E-C1290,Indah Napitupulu,indah.648@gmail.com
E-C1291,Cawuk Siregar,cawuk.379@gmail.com
E-C1292,T. Cahyanto Sudiati,cahyanto.738@gmail.com
E-C1293,Ade Namaga,ade.571@gmail.com
E-C1294,Satya Sudiati,satya.124@gmail.com
E-C1295,"Tgk. Ikin Pranowo, S.I.Kom",tgk..372@gmail.com
E-C1296,"Ifa Permadi, M.M.",ifa.965@gmail.com
E-C1297,"Sutan Tasnim Astuti, S.Pd",sutan.747@gmail.com
E-C1298,Ulva Putra,ulva.747@gmail.com
E-C1299,Keisha Hidayanto,keisha.965@gmail.com
E-C1300,"Tgk. Halima Thamrin, S.Pd",tgk..166@gmail.com
E-C1301,Kasim Hutasoit,kasim.902@gmail.com
E-C1302,"Oliva Puspita, M.Farm",oliva.592@gmail.com
E-C1303,Hana Novitasari,hana.770@gmail.com
E-C1304,Embuh Mulyani,embuh.241@gmail.com
E-C1305,Jinawi Ramadan,jinawi.667@gmail.com
E-C1306,"Queen Januar, S.Psi",queen.918@gmail.com
E-C1307,"H. Lasmanto Hutagalung, S.I.Kom",lasmanto.948@gmail.com
E-C1308,Gambira Wibisono,gambira.880@gmail.com
E-C1309,"Yusuf Hardiansyah, S.Kom",yusuf.786@gmail.com
E-C1310,Kenes Januar,kenes.273@gmail.com
E-C1311,Wahyu Aryani,wahyu.228@gmail.com
E-C1312,Lili Haryanti,lili.334@gmail.com
E-C1313,"Drs. Ganda Widiastuti, M.Farm",drs..914@gmail.com
E-C1314,Drs. Emong Nainggolan,drs..609@gmail.com
E-C1315,Titin Utami,titin.328@gmail.com
E-C1316,Maryanto Manullang,maryanto.482@gmail.com
E-C1317,Oskar Saefullah,oskar.602@gmail.com
E-C1318,"H. Mahdi Sitorus, S.IP",mahdi.760@gmail.com
E-C1319,R. Saadat Santoso,saadat.258@gmail.com
E-C1320,Mala Prasetya,mala.846@gmail.com
E-C1321,"Dr. Cinthia Prasetya, S.Ked",dr..700@gmail.com
E-C1322,"Jati Nurdiyanti, S.Pd",jati.817@gmail.com
E-C1323,Mursita Riyanti,mursita.394@gmail.com
E-C1324,Asmadi Hutasoit,asmadi.182@gmail.com
E-C1325,"drg. Sabar Haryanto, S.Pt",drg..138@gmail.com
E-C1326,Ellis Yuniar,ellis.330@gmail.com
E-C1327,Bahuwirya Mandasari,bahuwirya.902@gmail.com
E-C1328,Puspa Wastuti,puspa.227@gmail.com
E-C1329,Cahyono Anggriawan,cahyono.416@gmail.com
E-C1330,"R.M. Dartono Wulandari, M.M.",r.m..701@gmail.com
E-C1331,Nalar Andriani,nalar.431@gmail.com
E-C1325,Widya Kusumo,darsirah.588@gmail.com
E-C1326,Ir. Yani Puspita,ir..425@gmail.com
E-C1327,Daryani Zulkarnain,puti.183@gmail.com
E-C1328,Tgk. Usyi Habibi,harimurti.840@gmail.com
E-C1329,Chandra Purnawati,daliman.434@gmail.com
E-C1330,Paramita Mangunsong,dian.359@gmail.com
E-C1331,Tasnim Wastuti,prabowo.267@gmail.com