customer_id,customer_name,gmail
D-C354,Anggabaya Tarihoran,anggabaya.939@gmail.com
D-C627,"Dr. Calista Napitupulu, S.IP",dr..754@gmail.com
D-C330,"dr. Galih Winarno, S.T.",dr..213@gmail.com
D-C621,"R. Amelia Suwarno, S.Psi",r..271@gmail.com
D-C400,Salwa Wibowo,salwa.664@gmail.com
D-C444,Hamima Riyanti,hamima.465@gmail.com
D-C275,"Jelita Mandasari, S.H.",jelita.881@gmail.com
D-C530,"Ulya Fujiati, S.E.I",ulya.243@gmail.com
D-C359,Safina Utama,safina.171@gmail.com
D-C269,Ika Pertiwi,ika.968@gmail.com
D-C82,Uda Dabukke,uda.319@gmail.com
D-C426,"Calista Kuswandari, S.T.",calista.641@gmail.com
D-C643,Martaka Pangestu,martaka.707@gmail.com
D-C24,Ir. Rini Wibisono,ir..353@gmail.com
D-C174,"Melinda Nababan, S.E.I",melinda.793@gmail.com
D-C66,"drg. Ade Siregar, M.Pd",drg..567@gmail.com
D-C481,H. Bagiya Narpati,h..585@gmail.com
D-C105,Teguh Tamba,teguh.647@gmail.com
D-C242,dr. Hafshah Tampubolon,dr..241@gmail.com
D-C458,"Rina Anggraini, S.Sos",rina.470@gmail.com
D-C540,KH. Jamal Firmansyah,kh..818@gmail.com
D-C480,Hj. Cinta Nababan,hj..174@gmail.com
D-C623,Halima Wahyudin,halima.681@gmail.com
D-C224,Lidya Aryani,lidya.192@gmail.com
D-C312,Betania Megantara,betania.382@gmail.com
D-C133,Dr. Rina Halimah,dr..642@gmail.com
D-C70,Pranawa Narpati,pranawa.388@gmail.com
D-C600,Heru Safitri,heru.274@gmail.com
D-C420,"drg. Pia Anggriawan, S.E.",drg..677@gmail.com
D-C48,"T. Ghani Laksita, S.Farm",t..982@gmail.com
D-C9,KH. Prima Puspita,kh..914@gmail.com
D-C60,Pangestu Haryanto,pangestu.332@gmail.com
D-C572,Drs. Harto Sitorus,drs..647@gmail.com
D-C656,dr. Amalia Halim,dr..505@gmail.com
D-C57,Wawan Purwanti,wawan.765@gmail.com
D-C308,Lurhur Astuti,lurhur.323@gmail.com
D-C384,Simon Yolanda,simon.664@gmail.com
D-C599,Ilsa Nurdiyanti,ilsa.174@gmail.com
D-C449,"Melinda Yulianti, M.M.",melinda.345@gmail.com
D-C20,Juli Farida,juli.603@gmail.com
D-C342,"KH. Adhiarja Pranowo, S.Kom",kh..238@gmail.com
D-C580,Unjani Winarno,unjani.840@gmail.com
D-C609,"Hana Wahyudin, M.TI.",hana.929@gmail.com
D-C173,"Cici Megantara, S.E.I",cici.782@gmail.com
D-C364,"Nabila Mayasari, M.M.",nabila.979@gmail.com
D-C225,Jaswadi Jailani,jaswadi.838@gmail.com
D-C112,Pranata Gunawan,pranata.673@gmail.com
D-C378,Rahman Suryatmi,rahman.735@gmail.com
D-C448,Oni Wijaya,oni.996@gmail.com
D-C413,"Tgk. Natalia Wulandari, S.Gz",tgk..396@gmail.com
D-C118,Drs. Soleh Manullang,drs..462@gmail.com
D-C334,Novi Andriani,novi.723@gmail.com
D-C61,"Irfan Nashiruddin, M.Farm",irfan.814@gmail.com
D-C636,Taswir Melani,taswir.139@gmail.com
D-C513,"dr. Anita Rahimah, S.Kom",dr..461@gmail.com
D-C375,Danuja Permadi,danuja.419@gmail.com
D-C149,Wawan Sinaga,wawan.275@gmail.com
D-C121,"Bella Nashiruddin, M.Pd",bella.681@gmail.com
D-C190,Almira Manullang,almira.414@gmail.com
D-C58,Hj. Winda Pudjiastuti,hj..342@gmail.com
D-C361,"dr. Kamal Yuniar, M.TI.",dr..272@gmail.com
D-C631,Siska Mayasari,siska.895@gmail.com
D-C188,Safina Haryanti,safina.824@gmail.com
D-C181,"Jaeman Putra, S.Farm",jaeman.374@gmail.com
D-C36,"R. Asman Puspasari, M.Pd",r..940@gmail.com
D-C362,Putri Palastri,putri.363@gmail.com
D-C578,Hamima Prabowo,hamima.898@gmail.com
D-C102,Ayu Kurniawan,ayu.695@gmail.com
D-C274,Lili Suwarno,lili.660@gmail.com
D-C42,"Hilda Halimah, M.Kom.",hilda.219@gmail.com
D-C17,"Titin Nainggolan, M.TI.",titin.268@gmail.com
D-C519,Wawan Padmasari,wawan.119@gmail.com
D-C582,Febi Utami,febi.995@gmail.com
D-C234,R.A. Putri Kurniawan,r.a..775@gmail.com
D-C1,"T. Danuja Mulyani, M.M.",t..881@gmail.com
D-C109,Cemeti Maryati,cemeti.951@gmail.com
D-C512,Drs. Dian Marbun,drs..254@gmail.com
D-C75,Putu Mardhiyah,putu.594@gmail.com
D-C424,Umay Aryani,umay.549@gmail.com
D-C483,Sidiq Lailasari,sidiq.924@gmail.com
D-C67,Drs. Harjasa Budiyanto,drs..683@gmail.com
D-C453,Puti Kasiyah Saputra,puti.208@gmail.com
D-C485,"drg. Prakosa Pudjiastuti, S.IP",drg..587@gmail.com
D-C606,"Mariadi Wahyuni, M.TI.",mariadi.265@gmail.com
D-C319,Rahmi Laksita,rahmi.344@gmail.com
D-C186,Mala Puspita,mala.329@gmail.com
D-C613,Kawaca Zulkarnain,kawaca.518@gmail.com
D-C344,Sadina Nurdiyanti,sadina.856@gmail.com
D-C518,"Dr. Dadap Haryanto, M.Farm",dr..166@gmail.com
D-C85,Drs. Zulfa Astuti,drs..599@gmail.com
D-C219,H. Dasa Wahyuni,h..772@gmail.com
D-C554,Violet Padmasari,violet.897@gmail.com
D-C86,"Dr. Yulia Sihombing, M.Kom.",dr..668@gmail.com
D-C248,Shakila Suryono,shakila.148@gmail.com
D-C14,Wadi Setiawan,wadi.346@gmail.com
D-C249,Dt. Tri Utami,dt..924@gmail.com
D-C561,Winda Astuti,winda.475@gmail.com
D-C313,Tgk. Putri Maulana,tgk..742@gmail.com
D-C374,Dimas Pudjiastuti,dimas.626@gmail.com
D-C93,Dimaz Tarihoran,dimaz.542@gmail.com
D-C135,"Queen Usada, S.Ked",queen.356@gmail.com
D-C548,Yessi Zulkarnain,yessi.931@gmail.com
D-C556,Puti Vicky Halim,puti.278@gmail.com
D-C482,Vega Budiyanto,vega.114@gmail.com
D-C51,Wawan Permadi,wawan.489@gmail.com
D-C62,"R. Digdaya Mangunsong, S.Pd",r..201@gmail.com
D-C258,Dasa Nainggolan,dasa.607@gmail.com
D-C294,Ilsa Yolanda,ilsa.679@gmail.com
D-C422,"Jumadi Mandasari, M.Pd",jumadi.946@gmail.com
D-C475,"Kurnia Nababan, M.M.",kurnia.372@gmail.com
D-C502,Drs. Timbul Permata,drs..573@gmail.com
D-C262,Jais Mandala,jais.553@gmail.com
D-C552,Tina Dabukke,tina.140@gmail.com
D-C397,Daruna Prakasa,daruna.182@gmail.com
D-C387,Puput Saputra,puput.607@gmail.com
D-C526,Aswani Dongoran,aswani.255@gmail.com
D-C69,Dr. Eli Sihombing,dr..698@gmail.com
D-C77,Ani Januar,ani.926@gmail.com
D-C353,Ulya Rahayu,ulya.880@gmail.com
D-C162,Tasdik Megantara,tasdik.553@gmail.com
D-C544,Tasdik Yuliarti,tasdik.458@gmail.com
D-C619,"Arsipatra Sitorus, M.Pd",arsipatra.361@gmail.com
D-C140,Upik Gunawan,upik.247@gmail.com
D-C492,"drg. Danuja Santoso, S.T.",drg..513@gmail.com
D-C119,Ratih Yolanda,ratih.827@gmail.com
D-C260,"Hilda Saragih, S.Pd",hilda.806@gmail.com
D-C547,Farah Maheswara,farah.141@gmail.com
D-C35,Tgk. Wani Laksmiwati,tgk..777@gmail.com
D-C505,"Karsa Suwarno, S.IP",karsa.383@gmail.com
D-C559,Dr. Respati Safitri,dr..482@gmail.com
D-C650,"Tira Mayasari, S.T.",tira.160@gmail.com
D-C428,drg. Rahayu Purwanti,drg..821@gmail.com
D-C120,Enteng Laksmiwati,enteng.399@gmail.com
D-C83,Nasab Marbun,nasab.283@gmail.com
D-C307,Ana Sihotang,ana.727@gmail.com
D-C586,Kezia Rahimah,kezia.829@gmail.com
D-C108,Jasmin Usamah,jasmin.471@gmail.com
D-C18,"Luthfi Mandasari, S.Gz",luthfi.817@gmail.com
D-C610,"Harja Hardiansyah, M.Ak",harja.123@gmail.com
D-C324,Ir. Wulan Gunarto,ir..177@gmail.com
D-C355,Tantri Simanjuntak,tantri.850@gmail.com
D-C46,"Rahmi Manullang, S.I.Kom",rahmi.412@gmail.com
D-C182,Drs. Dinda Hastuti,drs..181@gmail.com
D-C160,"Uchita Januar, S.Gz",uchita.697@gmail.com
D-C348,drg. Eli Uwais,drg..270@gmail.com
D-C12,Jaka Utama,jaka.745@gmail.com
D-C89,Pardi Rajata,pardi.273@gmail.com
D-C488,Uli Suwarno,uli.572@gmail.com
D-C148,Ir. Caket Rahmawati,ir..319@gmail.com
D-C395,Emong Irawan,emong.175@gmail.com
D-C494,Upik Januar,upik.192@gmail.com
D-C302,Aurora Maryadi,aurora.398@gmail.com
D-C575,Ajeng Napitupulu,ajeng.859@gmail.com
D-C571,"Samiah Iswahyudi, S.Psi",samiah.488@gmail.com
D-C122,Dodo Wijayanti,dodo.654@gmail.com
D-C50,"Estiono Saputra, M.M.",estiono.342@gmail.com
D-C32,"Panji Handayani, M.Kom.",panji.544@gmail.com
D-C363,Belinda Utama,belinda.598@gmail.com
D-C208,Diana Pranowo,diana.300@gmail.com
D-C335,Kasusra Halim,kasusra.947@gmail.com
D-C499,Daliman Pranowo,daliman.719@gmail.com
D-C202,T. Galang Narpati,t..680@gmail.com
D-C637,Prabawa Hastuti,prabawa.997@gmail.com
D-C346,"Paris Halim, M.M.",paris.667@gmail.com
D-C117,"Samiah Hutasoit, S.Farm",samiah.391@gmail.com
D-C246,Saka Wahyuni,saka.137@gmail.com
D-C618,Jessica Winarno,jessica.368@gmail.com
D-C96,Kamidin Januar,kamidin.845@gmail.com
D-C263,"Puti Paulin Suryono, S.E.",puti.194@gmail.com
D-C306,Tantri Handayani,tantri.719@gmail.com
D-C574,Natalia Manullang,natalia.314@gmail.com
D-C608,Banawi Haryanto,banawi.324@gmail.com
D-C63,"Embuh Maulana, S.E.",embuh.456@gmail.com
D-C427,"Ilsa Palastri, M.M.",ilsa.400@gmail.com
D-C256,Dirja Kuswoyo,dirja.867@gmail.com
D-C136,Ana Novitasari,ana.309@gmail.com
D-C614,Jamil Maryati,jamil.446@gmail.com
D-C429,Lala Habibi,lala.159@gmail.com
D-C545,Ganjaran Purwanti,ganjaran.674@gmail.com
D-C286,"Gandi Nainggolan, S.I.Kom",gandi.655@gmail.com
D-C474,Dr. Bahuwarna Halimah,dr..141@gmail.com
D-C91,"Cakrabirawa Wibisono, S.Kom",cakrabirawa.554@gmail.com
D-C503,Siska Puspasari,siska.432@gmail.com
D-C576,Pardi Sihombing,pardi.153@gmail.com
D-C30,"Puti Ina Hasanah, S.Sos",puti.942@gmail.com
D-C464,"Sutan Cawisono Latupono, S.Sos",sutan.618@gmail.com
D-C412,"Dr. Slamet Suwarno, M.M.",dr..838@gmail.com
D-C497,"Puti Mutia Melani, M.Pd",puti.906@gmail.com
D-C407,Drs. Iriana Suryatmi,drs..772@gmail.com
D-C546,Kasusra Puspita,kasusra.919@gmail.com
D-C495,dr. Abyasa Irawan,dr..793@gmail.com
D-C442,"Asmuni Wijaya, S.IP",asmuni.330@gmail.com
D-C487,"Ir. Tantri Pertiwi, S.Pd",ir..726@gmail.com
D-C332,"Saadat Megantara, S.IP",saadat.732@gmail.com
D-C161,Farah Waskita,farah.904@gmail.com
D-C443,Elon Suartini,elon.720@gmail.com
D-C612,"Drs. Maida Pranowo, M.TI.",drs..155@gmail.com
D-C579,dr. Harjaya Dongoran,dr..153@gmail.com
D-C104,Bakiono Fujiati,bakiono.365@gmail.com
D-C287,"Harjaya Prasasta, S.IP",harjaya.280@gmail.com
D-C147,Zahra Prakasa,zahra.845@gmail.com
D-C215,"Kartika Pratama, S.Gz",kartika.522@gmail.com
D-C529,"dr. Novi Sudiati, M.Kom.",dr..295@gmail.com
D-C166,Paiman Hidayat,paiman.544@gmail.com
D-C81,Chandra Hariyah,chandra.271@gmail.com
D-C311,"T. Samsul Kusumo, M.Kom.",t..296@gmail.com
D-C305,Ganda Haryanto,ganda.352@gmail.com
D-C430,Nugraha Habibi,nugraha.560@gmail.com
D-C196,Umar Dabukke,umar.573@gmail.com
D-C4,Eja Oktaviani,eja.503@gmail.com
D-C10,Karja Pangestu,karja.106@gmail.com
D-C436,"Olivia Laksmiwati, S.Gz",olivia.352@gmail.com
D-C401,Adikara Waskita,adikara.984@gmail.com
D-C351,Padmi Hutapea,padmi.387@gmail.com
D-C601,Zahra Hutagalung,zahra.837@gmail.com
D-C180,"Safina Kuswandari, S.Gz",safina.767@gmail.com
D-C396,"Tgk. Unjani Saefullah, S.Kom",tgk..865@gmail.com
D-C350,Warji Laksita,warji.248@gmail.com
D-C366,Dadi Irawan,dadi.232@gmail.com
D-C658,"Dr. Lala Laksita, S.Farm",dr..335@gmail.com
D-C416,"Natalia Kusumo, S.Ked",natalia.457@gmail.com
D-C403,Tami Hidayat,tami.116@gmail.com
D-C647,"Tgk. Puspa Wahyudin, S.E.",tgk..802@gmail.com
D-C243,Daliman Napitupulu,daliman.560@gmail.com
D-C198,"Pranata Maheswara, S.Ked",pranata.707@gmail.com
D-C41,Dadap Hutapea,dadap.253@gmail.com
D-C369,"Umi Mandala, M.Pd",umi.710@gmail.com
D-C379,"R.A. Karimah Sihotang, M.Ak",r.a..170@gmail.com
D-C6,Luthfi Nasyidah,luthfi.535@gmail.com
D-C365,Laila Hutasoit,laila.575@gmail.com
D-C376,Farhunnisa Samosir,farhunnisa.880@gmail.com
D-C440,Hafshah Usamah,hafshah.546@gmail.com
D-C39,Sutan Galih Sitorus,sutan.452@gmail.com
D-C300,Sutan Endra Ramadan,sutan.470@gmail.com
D-C598,Harjasa Wastuti,harjasa.403@gmail.com
D-C278,"Drs. Dian Aryani, S.Ked",drs..648@gmail.com
D-C372,R.M. Jati Wibowo,r.m..986@gmail.com
D-C560,Dr. Febi Prakasa,dr..160@gmail.com
D-C163,Kenari Aryani,kenari.564@gmail.com
D-C68,"Dt. Garang Rahimah, M.Kom.",dt..269@gmail.com
D-C125,Ani Palastri,ani.888@gmail.com
D-C40,R.M. Anom Wulandari,r.m..819@gmail.com
D-C5,Eli Wibisono,eli.322@gmail.com
D-C34,"Najwa Astuti, M.Kom.",najwa.283@gmail.com
D-C437,Puti Napitupulu,puti.729@gmail.com
D-C100,Daliono Waluyo,daliono.405@gmail.com
D-C511,"Jumari Wahyuni, M.M.",jumari.245@gmail.com
D-C237,Novi Waluyo,novi.542@gmail.com
D-C315,R.M. Bagya Hariyah,r.m..920@gmail.com
D-C633,Yunita Nashiruddin,yunita.736@gmail.com
D-C496,Amalia Palastri,amalia.157@gmail.com
D-C290,"R.M. Wisnu Sihombing, S.Kom",r.m..967@gmail.com
D-C340,"Balijan Laksita, S.H.",balijan.957@gmail.com
D-C415,Sidiq Kusumo,sidiq.223@gmail.com
D-C187,Slamet Hasanah,slamet.318@gmail.com
D-C383,Wirda Napitupulu,wirda.622@gmail.com
D-C632,Emas Adriansyah,emas.152@gmail.com
D-C261,Harsanto Farida,harsanto.976@gmail.com
D-C550,Estiono Lailasari,estiono.762@gmail.com
D-C461,Juli Mandasari,juli.443@gmail.com
D-C201,Cayadi Santoso,cayadi.925@gmail.com
D-C648,Mursita Novitasari,mursita.103@gmail.com
D-C79,Titin Sihombing,titin.379@gmail.com
D-C510,"Puti Ghaliyati Simanjuntak, S.Pd",puti.200@gmail.com
D-C43,Okta Hutapea,okta.488@gmail.com
D-C134,Tami Zulkarnain,tami.816@gmail.com
D-C489,"Danu Putra, S.I.Kom",danu.450@gmail.com
D-C569,Tgk. Ajeng Nuraini,tgk..153@gmail.com
D-C251,dr. Galak Nurdiyanti,dr..892@gmail.com
D-C640,Sarah Usamah,sarah.396@gmail.com
D-C435,Zulaikha Maryati,zulaikha.767@gmail.com
D-C380,"Diah Halimah, M.Pd",diah.431@gmail.com
D-C193,Ade Puspasari,ade.502@gmail.com
D-C446,Dr. Cayadi Usada,dr..152@gmail.com
D-C356,Ir. Kasusra Iswahyudi,ir..893@gmail.com
D-C336,Ulva Maulana,ulva.901@gmail.com
D-C525,"Dt. Galih Hakim, S.I.Kom",dt..270@gmail.com
D-C389,Dt. Wardi Gunarto,dt..725@gmail.com
D-C439,Putu Rahimah,putu.741@gmail.com
D-C158,"Chandra Sinaga, S.Gz",chandra.702@gmail.com
D-C450,Cemplunk Nashiruddin,cemplunk.965@gmail.com
D-C527,"Diana Maheswara, M.TI.",diana.897@gmail.com
D-C103,"Warsita Utama, S.Psi",warsita.991@gmail.com
D-C53,Hesti Yuniar,hesti.638@gmail.com
D-C468,Galar Hutagalung,galar.314@gmail.com
D-C555,dr. Ulva Sirait,dr..222@gmail.com
D-C347,Ika Yuniar,ika.775@gmail.com
D-C98,"drg. Iriana Yulianti, S.E.",drg..720@gmail.com
D-C386,Praba Wasita,praba.144@gmail.com
D-C129,Harja Purwanti,harja.670@gmail.com
D-C178,Muni Maulana,muni.681@gmail.com
D-C111,"Laila Rahayu, M.TI.",laila.411@gmail.com
D-C523,Saiful Nasyidah,saiful.573@gmail.com
D-C438,"Icha Saragih, S.I.Kom",icha.195@gmail.com
D-C441,"R.M. Estiono Winarsih, M.M.",r.m..548@gmail.com
D-C501,Ir. Patricia Mahendra,ir..119@gmail.com
D-C143,Kamaria Palastri,kamaria.805@gmail.com
D-C7,Drs. Calista Hassanah,drs..282@gmail.com
D-C268,"Cengkal Wibowo, S.I.Kom",cengkal.327@gmail.com
D-C542,Abyasa Nuraini,abyasa.834@gmail.com
D-C238,Vinsen Rajata,vinsen.682@gmail.com
D-C418,"Lurhur Habibi, S.H.",lurhur.290@gmail.com
D-C59,Pangeran Uwais,pangeran.234@gmail.com
D-C233,Cayadi Siregar,cayadi.635@gmail.com
D-C639,Kambali Purnawati,kambali.376@gmail.com
D-C588,Sarah Zulkarnain,sarah.425@gmail.com
D-C204,Lukita Puspasari,lukita.111@gmail.com
D-C473,Mala Wasita,mala.451@gmail.com
D-C285,Samiah Samosir,samiah.948@gmail.com
D-C538,R.A. Vera Prastuti,r.a..112@gmail.com
D-C3,Ulva Yolanda,ulva.605@gmail.com
D-C218,Ana Firmansyah,ana.974@gmail.com
D-C47,Hadi Mustofa,hadi.560@gmail.com
D-C226,Dimaz Dabukke,dimaz.184@gmail.com
D-C19,"drg. Daru Rajasa, M.Farm",drg..766@gmail.com
D-C169,Ajiono Hardiansyah,ajiono.444@gmail.com
D-C500,Tasnim Marbun,tasnim.836@gmail.com
D-C293,Eko Padmasari,eko.117@gmail.com
D-C508,R. Lukman Wibowo,r..809@gmail.com
D-C528,Maryanto Wibisono,maryanto.709@gmail.com
D-C329,Puji Permata,puji.914@gmail.com
D-C284,Asirwanda Hassanah,asirwanda.795@gmail.com
D-C649,Drs. Maras Riyanti,drs..343@gmail.com
D-C539,Emin Nasyidah,emin.730@gmail.com
D-C524,Eman Prasetyo,eman.614@gmail.com
D-C373,Dartono Saragih,dartono.995@gmail.com
D-C94,"Cut Ani Najmudin, S.Sos",cut.792@gmail.com
D-C214,Ade Lazuardi,ade.499@gmail.com
D-C259,Jelita Yuniar,jelita.719@gmail.com
D-C338,Laila Palastri,laila.600@gmail.com
D-C292,Hardana Napitupulu,hardana.259@gmail.com
D-C423,"Zahra Gunawan, S.E.",zahra.139@gmail.com
D-C107,Dian Widiastuti,dian.360@gmail.com
D-C116,Vanya Hidayanto,vanya.389@gmail.com
D-C405,Okta Rajata,okta.220@gmail.com
D-C37,Drs. Vinsen Pratama,drs..363@gmail.com
D-C454,Liman Haryanto,liman.591@gmail.com
D-C393,Bakijan Natsir,bakijan.768@gmail.com
D-C205,"T. Waluyo Tampubolon, M.Pd",t..175@gmail.com
D-C245,Hasna Prastuti,hasna.320@gmail.com
D-C222,Laras Dongoran,laras.655@gmail.com
D-C247,H. Embuh Oktaviani,h..294@gmail.com
D-C433,Shakila Usamah,shakila.961@gmail.com
D-C465,Jayeng Budiman,jayeng.310@gmail.com
D-C507,Kamaria Nurdiyanti,kamaria.705@gmail.com
D-C352,Kasiyah Hakim,kasiyah.587@gmail.com
D-C250,R. Jinawi Pertiwi,r..148@gmail.com
D-C123,"Almira Agustina, S.E.",almira.610@gmail.com
D-C594,"Ir. Garan Marpaung, M.Pd",ir..895@gmail.com
D-C165,Melinda Wahyudin,melinda.207@gmail.com
D-C630,drg. Soleh Riyanti,drg..691@gmail.com
D-C566,"Rangga Putra, S.Sos",rangga.477@gmail.com
D-C577,Azalea Prasetyo,azalea.319@gmail.com
D-C240,Puti Gunawan,puti.764@gmail.com
D-C84,"drg. Rizki Maulana, M.Kom.",drg..235@gmail.com
D-C460,Wardi Handayani,wardi.216@gmail.com
D-C296,Drs. Kartika Pranowo,drs..591@gmail.com
D-C590,Aisyah Andriani,aisyah.264@gmail.com
D-C71,Kamaria Kusmawati,kamaria.210@gmail.com
D-C434,"R. Parman Irawan, M.Kom.",r..785@gmail.com
D-C398,Kania Samosir,kania.362@gmail.com
D-C99,"Dr. Ika Purnawati, S.E.I",dr..462@gmail.com
D-C484,"Dr. Ellis Januar, M.TI.",dr..138@gmail.com
D-C644,Najwa Nababan,najwa.625@gmail.com
D-C360,Jagapati Anggriawan,jagapati.930@gmail.com
D-C31,"Heryanto Sitorus, S.Farm",heryanto.985@gmail.com
D-C341,Saadat Sinaga,saadat.167@gmail.com
D-C583,"Dr. Clara Maryadi, S.T.",dr..233@gmail.com
D-C128,"Dr. Waluyo Rajata, M.Kom.",dr..654@gmail.com
D-C585,Purwa Anggraini,purwa.895@gmail.com
D-C2,Michelle Yulianti,michelle.542@gmail.com
D-C409,Mahdi Wastuti,mahdi.141@gmail.com
D-C28,"Dian Maheswara, S.I.Kom",dian.470@gmail.com
D-C90,"Ir. Suci Handayani, S.Pd",ir..577@gmail.com
D-C309,Hj. Faizah Ardianto,hj..531@gmail.com
D-C74,Humaira Halimah,humaira.525@gmail.com
D-C185,"dr. Icha Melani, S.Kom",dr..626@gmail.com
D-C172,"Wani Sudiati, S.IP",wani.639@gmail.com
D-C553,Catur Pratiwi,catur.947@gmail.com
D-C531,Zelda Nasyiah,zelda.924@gmail.com
D-C456,"Zulfa Wulandari, S.Pt",zulfa.108@gmail.com
D-C92,Paramita Santoso,paramita.592@gmail.com
D-C534,Rina Sudiati,rina.309@gmail.com
D-C371,"R. Jabal Santoso, M.M.",r..364@gmail.com
D-C604,Laswi Pudjiastuti,laswi.673@gmail.com
D-C126,Azalea Uyainah,azalea.766@gmail.com
D-C638,Kuncara Kusumo,kuncara.896@gmail.com
D-C411,R.A. Karen Melani,r.a..319@gmail.com
D-C316,"Padma Kusumo, S.Pt",padma.916@gmail.com
D-C377,Cici Hardiansyah,cici.360@gmail.com
D-C13,Cahyo Utami,cahyo.782@gmail.com
D-C605,"Karman Pudjiastuti, S.E.",karman.362@gmail.com
D-C517,Karsa Namaga,karsa.170@gmail.com
D-C557,R. Adinata Kusmawati,r..560@gmail.com
D-C239,Dr. Darimin Setiawan,dr..640@gmail.com
D-C115,Sutan Gilang Latupono,sutan.715@gmail.com
D-C558,"T. Omar Saragih, S.Sos",t..630@gmail.com
D-C310,Tgk. Indra Lailasari,tgk..920@gmail.com
D-C410,"Tgk. Imam Tamba, S.IP",tgk..356@gmail.com
D-C144,Ade Pratiwi,ade.112@gmail.com
D-C602,Ghaliyati Rahimah,ghaliyati.310@gmail.com
D-C15,"Ulva Hardiansyah, S.Sos",ulva.942@gmail.com
D-C659,Kemal Mandala,kemal.194@gmail.com
D-C55,Tania Sihombing,tania.406@gmail.com
D-C431,Bella Melani,bella.491@gmail.com
D-C209,drg. Lala Tamba,drg..853@gmail.com
D-C345,Kenari Tampubolon,kenari.472@gmail.com
D-C132,Wirda Prasetyo,wirda.619@gmail.com
D-C381,"Mahmud Halimah, M.TI.",mahmud.971@gmail.com
D-C175,Zulfa Sitompul,zulfa.246@gmail.com
D-C551,Kenes Padmasari,kenes.209@gmail.com
D-C192,Cut Raisa Novitasari,cut.257@gmail.com
D-C271,"Rosman Sihombing, S.H.",rosman.925@gmail.com
D-C408,Widya Santoso,widya.252@gmail.com
D-C611,Praba Puspasari,praba.831@gmail.com
D-C124,Jasmin Thamrin,jasmin.921@gmail.com
D-C139,"Alika Hastuti, S.H.",alika.732@gmail.com
D-C641,"Icha Damanik, S.H.",icha.751@gmail.com
D-C52,"Tira Adriansyah, M.Pd",tira.549@gmail.com
D-C221,"Adiarja Handayani, S.T.",adiarja.164@gmail.com
D-C113,"Najib Prasasta, S.Gz",najib.299@gmail.com
D-C266,"Drs. Ida Yuniar, M.Pd",drs..139@gmail.com
D-C276,Tiara Gunawan,tiara.472@gmail.com
D-C273,H. Daliono Januar,h..381@gmail.com
D-C343,Sabar Prayoga,sabar.383@gmail.com
D-C257,"Jasmani Kuswandari, M.M.",jasmani.320@gmail.com
D-C183,Umi Marbun,umi.568@gmail.com
D-C106,"Mujur Aryani, S.T.",mujur.461@gmail.com
D-C301,Sutan Gaiman Mayasari,sutan.410@gmail.com
D-C447,Suci Sudiati,suci.708@gmail.com
D-C603,Asirwanda Mandala,asirwanda.755@gmail.com
D-C241,Dt. Anom Dabukke,dt..949@gmail.com
D-C231,Usyi Adriansyah,usyi.317@gmail.com
D-C154,"Pangestu Pertiwi, M.Pd",pangestu.910@gmail.com
D-C327,Eka Nababan,eka.589@gmail.com
D-C206,R. Endah Hidayat,r..206@gmail.com
D-C459,Cut Siska Kuswandari,cut.644@gmail.com
D-C522,Dartono Siregar,dartono.740@gmail.com
D-C295,Mutia Mayasari,mutia.502@gmail.com
D-C151,Prasetyo Hardiansyah,prasetyo.968@gmail.com
D-C157,Manah Nababan,manah.843@gmail.com
D-C466,Galur Wacana,galur.595@gmail.com
D-C164,Cemani Situmorang,cemani.946@gmail.com
D-C168,Prakosa Prasetya,prakosa.913@gmail.com
D-C592,drg. Rachel Wastuti,drg..979@gmail.com
D-C207,Vanesa Adriansyah,vanesa.782@gmail.com
D-C189,Laras Pradana,laras.739@gmail.com
D-C321,Manah Mayasari,manah.164@gmail.com
D-C325,Tania Kusumo,tania.938@gmail.com
D-C146,"Chelsea Firmansyah, S.I.Kom",chelsea.153@gmail.com
D-C159,"Okta Hutagalung, S.Sos",okta.659@gmail.com
D-C227,Prasetya Rahmawati,prasetya.849@gmail.com
D-C217,Genta Damanik,genta.490@gmail.com
D-C195,R. Kezia Mulyani,r..363@gmail.com
D-C203,Mahfud Sirait,mahfud.132@gmail.com
D-C299,Arsipatra Prakasa,arsipatra.887@gmail.com
D-C591,Makuta Lailasari,makuta.109@gmail.com
D-C625,Drs. Karen Rajata,drs..208@gmail.com
D-C536,Ir. Damar Simbolon,ir..282@gmail.com
D-C80,Patricia Mandasari,patricia.120@gmail.com
D-C390,Kania Hutapea,kania.200@gmail.com
D-C564,Talia Hasanah,talia.196@gmail.com
D-C176,Bakda Suryatmi,bakda.832@gmail.com
D-C629,"Yuni Saputra, S.E.",yuni.266@gmail.com
D-C95,Oman Zulkarnain,oman.530@gmail.com
D-C230,Ilsa Rajata,ilsa.638@gmail.com
D-C520,Lidya Hardiansyah,lidya.775@gmail.com
D-C281,Almira Mulyani,almira.130@gmail.com
D-C541,Zelda Gunawan,zelda.549@gmail.com
D-C404,Hj. Belinda Yuliarti,hj..801@gmail.com
D-C532,Laras Mandasari,laras.227@gmail.com
D-C229,Caket Siregar,caket.582@gmail.com
D-C101,Ika Anggraini,ika.558@gmail.com
D-C291,Harsaya Putra,harsaya.149@gmail.com
D-C624,"dr. Najib Ramadan, M.Farm",dr..164@gmail.com
D-C445,Lantar Hidayat,lantar.457@gmail.com
D-C367,Salimah Rajata,salimah.109@gmail.com
D-C54,Dr. Eko Utama,dr..565@gmail.com
D-C228,Kamidin Halim,kamidin.612@gmail.com
D-C392,Aisyah Pradipta,aisyah.577@gmail.com
D-C155,Rahmi Simanjuntak,rahmi.599@gmail.com
D-C252,R.M. Erik Pudjiastuti,r.m..516@gmail.com
D-C476,Jaya Laksita,jaya.846@gmail.com
D-C272,"drg. Febi Pratiwi, S.T.",drg..576@gmail.com
D-C45,"Aris Wulandari, S.Kom",aris.326@gmail.com
D-C114,Tira Prastuti,tira.924@gmail.com
D-C25,Lintang Prastuti,lintang.733@gmail.com
D-C212,Nrima Nasyiah,nrima.681@gmail.com
D-C170,Belinda Kurniawan,belinda.434@gmail.com
D-C521,"R.A. Rini Wibowo, S.I.Kom",r.a..986@gmail.com
D-C33,Dacin Yuniar,dacin.372@gmail.com
D-C110,Bagiya Lazuardi,bagiya.770@gmail.com
D-C137,Cayadi Damanik,cayadi.668@gmail.com
D-C331,Dalimin Prakasa,dalimin.166@gmail.com
D-C223,"Gangsa Wijaya, S.Pd",gangsa.317@gmail.com
D-C29,"Padmi Habibi, M.Pd",padmi.456@gmail.com
D-C288,Nadine Prasasta,nadine.380@gmail.com
D-C56,Ellis Waskita,ellis.228@gmail.com
D-C616,H. Marsudi Jailani,h..339@gmail.com
D-C49,Uli Hardiansyah,uli.430@gmail.com
D-C478,Okta Pangestu,okta.233@gmail.com
D-C64,"Dt. Daliono Usada, M.Kom.",dt..287@gmail.com
D-C414,Jindra Simbolon,jindra.656@gmail.com
D-C385,"Siti Hutapea, M.Kom.",siti.450@gmail.com
D-C620,Restu Prakasa,restu.398@gmail.com
D-C323,Cagak Prakasa,cagak.506@gmail.com
D-C452,"Luwar Siregar, S.E.I",luwar.410@gmail.com
D-C235,Oskar Budiyanto,oskar.892@gmail.com
D-C463,"R.A. Elisa Saptono, S.T.",r.a..630@gmail.com
D-C425,Rangga Winarsih,rangga.696@gmail.com
D-C615,"Jayeng Andriani, S.E.I",jayeng.408@gmail.com
D-C304,Cahyadi Nugroho,cahyadi.489@gmail.com
D-C220,Natalia Hakim,natalia.755@gmail.com
D-C607,Paulin Prastuti,paulin.159@gmail.com
D-C297,Mulya Riyanti,mulya.283@gmail.com
D-C22,"T. Alambana Prasetyo, M.Kom.",t..319@gmail.com
D-C421,Gilda Waluyo,gilda.125@gmail.com
D-C326,Cakrabirawa Aryani,cakrabirawa.574@gmail.com
D-C200,"R.A. Rahmi Rajata, M.TI.",r.a..804@gmail.com
D-C451,Wani Kurniawan,wani.919@gmail.com
D-C138,"R. Cemplunk Prakasa, S.H.",r..556@gmail.com
D-C537,"Bancar Januar, S.Pd",bancar.526@gmail.com
D-C213,Belinda Mustofa,belinda.273@gmail.com
D-C653,Anom Latupono,anom.954@gmail.com
D-C642,Rangga Prabowo,rangga.836@gmail.com
D-C506,Melinda Santoso,melinda.201@gmail.com
D-C568,"R.M. Karya Kusumo, S.Pt",r.m..664@gmail.com
D-C232,Humaira Suryono,humaira.388@gmail.com
D-C406,Umi Wahyudin,umi.259@gmail.com
D-C318,"Dr. Chelsea Waskita, S.Pd",dr..924@gmail.com
D-C184,Rina Puspasari,rina.214@gmail.com
D-C597,Wani Wastuti,wani.230@gmail.com
D-C595,Devi Pranowo,devi.887@gmail.com
D-C486,Kusuma Kuswoyo,kusuma.302@gmail.com
D-C279,"Drs. Laila Adriansyah, S.E.",drs..678@gmail.com
D-C21,R. Fitriani Pertiwi,r..930@gmail.com
D-C171,Icha Maheswara,icha.566@gmail.com
D-C402,dr. Martani Pradana,dr..972@gmail.com
D-C645,Olivia Pranowo,olivia.552@gmail.com
D-C567,"Reza Puspita, S.I.Kom",reza.158@gmail.com
D-C177,"Rahman Nugroho, S.IP",rahman.319@gmail.com
D-C328,drg. Salwa Napitupulu,drg..412@gmail.com
D-C199,Bagiya Suryatmi,bagiya.739@gmail.com
D-C471,Salimah Mahendra,salimah.627@gmail.com
D-C267,"Ani Rahmawati, S.T.",ani.148@gmail.com
D-C493,Unjani Safitri,unjani.821@gmail.com
D-C131,Latif Susanti,latif.497@gmail.com
D-C339,Fathonah Ramadan,fathonah.150@gmail.com
D-C593,"Bagiya Wacana, S.Sos",bagiya.629@gmail.com
D-C490,"Warji Pranowo, S.IP",warji.166@gmail.com
D-C573,"drg. Humaira Utama, S.I.Kom",drg..661@gmail.com
D-C194,"drg. Halima Napitupulu, S.Sos",drg..216@gmail.com
D-C141,Drs. Syahrini Dongoran,drs..212@gmail.com
D-C417,Ade Mandasari,ade.570@gmail.com
D-C477,Nadia Haryanti,nadia.646@gmail.com
D-C153,Jais Wijayanti,jais.856@gmail.com
D-C626,Purwa Dongoran,purwa.951@gmail.com
D-C11,"Michelle Megantara, M.TI.",michelle.505@gmail.com
D-C270,Ophelia Yulianti,ophelia.306@gmail.com
D-C97,"Maryadi Widodo, S.E.",maryadi.241@gmail.com
D-C211,"Hilda Wahyudin, M.Ak",hilda.462@gmail.com
D-C570,"Bahuraksa Kuswandari, M.TI.",bahuraksa.690@gmail.com
D-C549,Sutan Olga Uwais,sutan.777@gmail.com
D-C660,"Almira Firgantoro, M.Farm",almira.407@gmail.com
D-C533,Eli Waskita,eli.228@gmail.com
D-C652,Fathonah Usada,fathonah.782@gmail.com
D-C333,Laras Astuti,laras.877@gmail.com
D-C76,"KH. Uda Namaga, S.Kom",kh..940@gmail.com
D-C78,Candra Widodo,candra.303@gmail.com
D-C264,Julia Salahudin,julia.959@gmail.com
D-C150,"Damu Wastuti, S.IP",damu.496@gmail.com
D-C651,Dadi Simanjuntak,dadi.315@gmail.com
D-C515,Gangsar Manullang,gangsar.854@gmail.com
D-C657,Wani Sihotang,wani.629@gmail.com
D-C470,Daryani Manullang,daryani.490@gmail.com
D-C565,Adika Rahimah,adika.216@gmail.com
D-C462,Estiono Anggriawan,estiono.398@gmail.com
D-C254,Dr. Amalia Zulaika,dr..909@gmail.com
D-C370,Ganda Hutagalung,ganda.802@gmail.com
D-C322,"T. Yahya Mangunsong, S.E.I",t..113@gmail.com
D-C152,Gawati Rahimah,gawati.994@gmail.com
D-C303,Zamira Lailasari,zamira.969@gmail.com
D-C191,"Latif Hutapea, S.H.",latif.655@gmail.com
D-C587,"Dr. Salsabila Hidayanto, S.Gz",dr..662@gmail.com
D-C349,Luis Nashiruddin,luis.785@gmail.com
D-C244,Rahmi Prastuti,rahmi.195@gmail.com
D-C88,Kenes Rahimah,kenes.806@gmail.com
D-C635,Mala Napitupulu,mala.542@gmail.com
D-C419,Ulya Dongoran,ulya.877@gmail.com
D-C289,"Latika Purnawati, S.T.",latika.208@gmail.com
D-C167,Bahuraksa Iswahyudi,bahuraksa.445@gmail.com
D-C596,"R.M. Garang Siregar, S.Gz",r.m..963@gmail.com
D-C655,Lalita Putra,lalita.363@gmail.com
D-C156,Elvina Riyanti,elvina.618@gmail.com
D-C357,Shania Prabowo,shania.490@gmail.com
D-C382,"R.A. Yessi Nasyidah, S.Psi",r.a..957@gmail.com
D-C280,Syahrini Dongoran,syahrini.137@gmail.com
D-C127,"Drs. Rizki Hasanah, S.Ked",drs..509@gmail.com
D-C23,Hari Yolanda,hari.725@gmail.com
D-C617,Dt. Lulut Hakim,dt..723@gmail.com
D-C283,Viktor Kuswandari,viktor.667@gmail.com
D-C472,Olivia Hasanah,olivia.397@gmail.com
D-C368,Luwes Nasyiah,luwes.885@gmail.com
D-C26,Dr. Damar Hidayat,dr..281@gmail.com
D-C197,Soleh Marpaung,soleh.421@gmail.com
D-C65,Jaka Maryadi,jaka.979@gmail.com
D-C16,"Hj. Maimunah Rajata, S.H.",hj..777@gmail.com
D-C467,Indah Mahendra,indah.371@gmail.com
D-C298,"Puti Agnes Budiman, S.Ked",puti.545@gmail.com
D-C622,Danu Putra,danu.522@gmail.com
D-C337,Alika Maulana,alika.581@gmail.com
D-C27,"Laswi Hutagalung, S.Sos",laswi.155@gmail.com
D-C589,"Tgk. Artanto Tamba, M.TI.",tgk..422@gmail.com
D-C44,"Tgk. Darman Prasetyo, S.Farm",tgk..424@gmail.com
D-C498,"drg. Karna Halim, M.Ak",drg..601@gmail.com
D-C516,Galar Sinaga,galar.811@gmail.com
D-C562,Karja Fujiati,karja.174@gmail.com
D-C455,Zulfa Habibi,zulfa.585@gmail.com
D-C388,Artanto Waskita,artanto.613@gmail.com
D-C72,KH. Cahyono Astuti,kh..240@gmail.com
D-C543,Tari Adriansyah,tari.953@gmail.com
D-C457,Elma Widodo,elma.778@gmail.com
D-C634,"Mursinin Pranowo, M.Kom.",mursinin.983@gmail.com
D-C432,Marsudi Puspasari,marsudi.825@gmail.com
D-C628,dr. Sidiq Tamba,dr..530@gmail.com
D-C654,Ir. Jaiman Prakasa,ir..670@gmail.com
D-C265,Raden Uyainah,raden.317@gmail.com
D-C210,"dr. Ilsa Narpati, S.E.I",dr..308@gmail.com
D-C317,Maida Yuniar,maida.563@gmail.com
D-C514,Harja Sirait,harja.244@gmail.com
D-C314,"Ir. Candra Pranowo, S.H.",ir..880@gmail.com
D-C535,Jamalia Pradipta,jamalia.724@gmail.com
D-C320,Caraka Suartini,caraka.751@gmail.com
D-C8,"R. Ira Hidayat, S.I.Kom",r..898@gmail.com
D-C394,R.A. Yuliana Hartati,r.a..317@gmail.com
D-C142,Zamira Santoso,zamira.881@gmail.com
D-C87,Erik Siregar,erik.375@gmail.com
D-C479,"Capa Hasanah, S.Pt",capa.522@gmail.com
D-C504,"Karimah Putra, S.Sos",karimah.461@gmail.com
D-C216,Kajen Rajasa,kajen.412@gmail.com
D-C581,Gading Sitorus,gading.660@gmail.com
D-C563,"Dr. Warta Simbolon, M.M.",dr..601@gmail.com
D-C399,Ana Nuraini,ana.595@gmail.com
D-C491,Putri Laksita,putri.467@gmail.com
D-C253,Laswi Hassanah,laswi.985@gmail.com
D-C469,Amelia Andriani,amelia.904@gmail.com
D-C358,"Puti Irma Yolanda, M.Kom.",puti.129@gmail.com
D-C255,Zizi Napitupulu,zizi.911@gmail.com
D-C277,Siska Mayasari,siska.184@gmail.com
D-C179,Emas Mangunsong,emas.412@gmail.com
D-C282,Bagus Nugroho,bagus.844@gmail.com
D-C391,Gaiman Wibowo,gaiman.406@gmail.com
D-C509,Usyi Fujiati,usyi.816@gmail.com
D-C584,"Balamantri Haryanto, M.TI.",balamantri.195@gmail.com
D-C130,"Jessica Astuti, S.Pt",jessica.960@gmail.com
D-C145,Irsad Najmudin,irsad.104@gmail.com
D-C646,Ihsan Nasyiah,ihsan.399@gmail.com
D-C73,Kania Mahendra,kania.519@gmail.com
D-C236,Sidiq Waluyo,sidiq.298@gmail.com
D-C38,Putri Maryadi,putri.842@gmail.com
D-C661,Nilam Samosir,nilam.802@gmail.com
D-C662,Lidya Irawan,lidya.868@gmail.com
D-C663,"KH. Saadat Maryadi, M.Ak",kh..762@gmail.com
D-C664,Latika Wijayanti,latika.986@gmail.com
D-C665,Kani Rahimah,kani.384@gmail.com
D-C666,Edi Mardhiyah,edi.290@gmail.com
D-C667,"drg. Danang Setiawan, S.Pd",drg..105@gmail.com
D-C668,"R. Banara Purnawati, M.M.",r..647@gmail.com
D-C669,"Wakiman Nuraini, S.I.Kom",wakiman.647@gmail.com
D-C670,Omar Tampubolon,omar.806@gmail.com
D-C671,Abyasa Prasetyo,abyasa.130@gmail.com
D-C672,Galih Kuswoyo,galih.816@gmail.com
D-C673,Cakrabuana Maryadi,cakrabuana.759@gmail.com
D-C674,drg. Langgeng Anggriawan,drg..322@gmail.com
D-C675,"R.M. Vino Sihotang, S.IP",r.m..333@gmail.com
D-C676,Teguh Widiastuti,teguh.539@gmail.com
D-C677,Daruna Tarihoran,daruna.448@gmail.com
D-C678,"Salsabila Damanik, S.Sos",salsabila.514@gmail.com
D-C679,Wirda Haryanto,wirda.749@gmail.com
D-C680,Hasna Mahendra,hasna.487@gmail.com
D-C681,Vivi Mandala,vivi.990@gmail.com
D-C682,"dr. Putri Saputra, S.Farm",dr..890@gmail.com
D-C683,Eka Halimah,eka.612@gmail.com
D-C684,Padma Rajata,padma.920@gmail.com
D-C685,Dimaz Ardianto,dimaz.135@gmail.com
D-C686,"R. Calista Rajasa, M.Kom.",r..955@gmail.com
D-C687,Kiandra Rahimah,kiandra.747@gmail.com
D-C688,R. Teguh Sitorus,r..677@gmail.com
D-C689,Usyi Nuraini,usyi.515@gmail.com
D-C690,Karman Marbun,karman.388@gmail.com
D-C691,"Asman Kuswandari, S.IP",asman.562@gmail.com
D-C692,drg. Zulaikha Saefullah,drg..185@gmail.com
D-C693,"Mala Gunawan, S.T.",mala.737@gmail.com
D-C694,"dr. Dagel Astuti, S.E.",dr..634@gmail.com
D-C695,"R.A. Dinda Latupono, S.IP",r.a..386@gmail.com
D-C696,Karsa Nababan,karsa.202@gmail.com
D-C697,"Ratna Mandala, S.I.Kom",ratna.494@gmail.com
D-C698,R. Najwa Firmansyah,r..984@gmail.com
D-C699,Oni Winarsih,oni.384@gmail.com
D-C700,Purwa Saragih,purwa.951@gmail.com
D-C701,"R. Iriana Pertiwi, M.Kom.",r..541@gmail.com
D-C702,KH. Warta Winarno,kh..649@gmail.com
D-C703,Septi Mandala,septi.682@gmail.com
D-C704,Syahrini Purwanti,syahrini.810@gmail.com
D-C705,Harjaya Rahayu,harjaya.710@gmail.com
D-C706,Jarwi Saputra,jarwi.653@gmail.com
D-C707,Cager Laksita,cager.993@gmail.com
D-C708,Ikhsan Salahudin,ikhsan.699@gmail.com
D-C709,"Kamila Palastri, S.Ked",kamila.521@gmail.com
D-C710,Dariati Nashiruddin,dariati.463@gmail.com
D-C711,Azalea Anggriawan,azalea.409@gmail.com
D-C712,"Karimah Sirait, M.Pd",karimah.243@gmail.com
D-C713,Ir. Anastasia Purnawati,ir..370@gmail.com
D-C714,"Vicky Zulkarnain, M.Ak",vicky.300@gmail.com
D-C715,Betania Wastuti,betania.208@gmail.com
D-C716,Dr. Jessica Purwanti,dr..114@gmail.com
D-C717,Hardi Damanik,hardi.520@gmail.com
D-C718,Siska Hassanah,siska.799@gmail.com
D-C719,"Hj. Diana Latupono, M.Pd",hj..981@gmail.com
D-C720,"dr. Novi Rahayu, M.Pd",dr..334@gmail.com
D-C721,"R. Zalindra Siregar, S.Pd",r..276@gmail.com
D-C722,"R. Galuh Prayoga, S.Sos",r..338@gmail.com
D-C723,"Tgk. Lidya Kusumo, S.Psi",tgk..882@gmail.com
D-C724,"Indra Suartini, S.E.",indra.886@gmail.com
D-C725,"Farhunnisa Manullang, S.IP",farhunnisa.203@gmail.com
D-C726,"KH. Adiarja Firmansyah, S.Kom",kh..768@gmail.com
D-C727,Uda Melani,uda.127@gmail.com
D-C728,"Belinda Wastuti, S.I.Kom",belinda.342@gmail.com
D-C729,"Elma Anggriawan, S.Pd",elma.157@gmail.com
D-C730,"Cut Amalia Haryanti, M.Kom.",cut.862@gmail.com
D-C731,Dr. Wulan Firgantoro,dr..837@gmail.com
D-C732,Vivi Hastuti,vivi.483@gmail.com
D-C733,Maman Riyanti,maman.171@gmail.com
D-C734,Rachel Suryono,rachel.926@gmail.com
D-C735,"Gadang Hassanah, S.IP",gadang.640@gmail.com
D-C736,"Dt. Purwanto Prayoga, M.TI.",dt..371@gmail.com
D-C737,Dt. Arsipatra Siregar,dt..865@gmail.com
D-C738,"Cawisadi Maheswara, S.H.",cawisadi.699@gmail.com
D-C739,Edi Pertiwi,edi.634@gmail.com
D-C740,Damu Puspita,damu.395@gmail.com
D-C741,Hilda Tamba,hilda.671@gmail.com
D-C742,Zahra Mansur,zahra.683@gmail.com
D-C743,Salimah Hardiansyah,salimah.546@gmail.com
D-C744,"T. Umay Suryono, S.Sos",t..762@gmail.com
D-C745,Cengkir Januar,cengkir.583@gmail.com
D-C746,"Hana Megantara, S.Ked",hana.636@gmail.com
D-C747,Mitra Laksita,mitra.904@gmail.com
D-C748,Jindra Santoso,jindra.166@gmail.com
D-C749,"drg. Jarwadi Usada, M.Ak",drg..414@gmail.com
D-C750,"Wirda Hassanah, S.E.I",wirda.479@gmail.com
D-C751,Kemba Wijayanti,kemba.617@gmail.com
D-C752,Aswani Simbolon,aswani.499@gmail.com
D-C753,"Ella Yulianti, S.Psi",ella.783@gmail.com
D-C754,Marwata Widodo,marwata.584@gmail.com
D-C755,Dt. Vega Mahendra,dt..540@gmail.com
D-C756,Nabila Nasyiah,nabila.349@gmail.com
D-C757,Umaya Saefullah,umaya.440@gmail.com
D-C758,Tasnim Widodo,tasnim.237@gmail.com
D-C759,dr. Ilsa Saefullah,dr..566@gmail.com
D-C760,R.A. Maida Usada,r.a..944@gmail.com
D-C761,drg. Pangestu Puspasari,drg..634@gmail.com
D-C762,Jamil Mandala,jamil.642@gmail.com
D-C763,"R. Vivi Pranowo, M.Pd",r..676@gmail.com
D-C764,"H. Tugiman Agustina, M.Pd",h..938@gmail.com
D-C765,Luwes Natsir,luwes.821@gmail.com
D-C766,Putri Astuti,putri.140@gmail.com
D-C767,Cawuk Marbun,cawuk.541@gmail.com
D-C768,Reksa Hutagalung,reksa.418@gmail.com
D-C769,Irsad Marpaung,irsad.446@gmail.com
D-C770,"H. Danuja Puspita, M.Kom.",h..334@gmail.com
D-C771,"T. Daniswara Hidayat, M.TI.",t..854@gmail.com
D-C772,Ikin Kuswoyo,ikin.525@gmail.com
D-C773,Dt. Xanana Budiyanto,dt..839@gmail.com
D-C774,Widya Putra,widya.421@gmail.com
D-C775,"dr. Eva Firmansyah, S.Ked",dr..229@gmail.com
D-C776,Jabal Hakim,jabal.805@gmail.com
D-C777,Ghani Agustina,ghani.782@gmail.com
D-C778,Suci Santoso,suci.309@gmail.com
D-C779,Tgk. Daruna Firgantoro,tgk..447@gmail.com
D-C780,Zulfa Saptono,zulfa.743@gmail.com
D-C781,Zamira Pudjiastuti,zamira.297@gmail.com
D-C782,Sutan Luhung Saragih,sutan.820@gmail.com
D-C783,Puti Titi Iswahyudi,puti.375@gmail.com
D-C784,Cinthia Winarsih,cinthia.814@gmail.com
D-C785,Maria Tarihoran,maria.244@gmail.com
D-C786,"Dt. Jagaraga Firmansyah, M.Farm",dt..478@gmail.com
D-C787,"Warta Latupono, S.Pt",warta.401@gmail.com
D-C788,Marsudi Maulana,marsudi.664@gmail.com
D-C789,Genta Mulyani,genta.170@gmail.com
D-C790,Tira Yuniar,tira.207@gmail.com
D-C791,Eli Budiyanto,eli.718@gmail.com
D-C792,Gandi Saragih,gandi.575@gmail.com
D-C793,Yani Nashiruddin,yani.124@gmail.com
D-C794,R.M. Cakrawangsa Haryanti,r.m..212@gmail.com
D-C795,Siti Palastri,siti.732@gmail.com
D-C796,drg. Salwa Pertiwi,drg..749@gmail.com
D-C797,Cinthia Pranowo,cinthia.181@gmail.com
D-C798,Eman Mangunsong,eman.158@gmail.com
D-C799,"Daru Budiman, S.E.I",daru.431@gmail.com
D-C800,Among Anggraini,among.540@gmail.com
D-C801,"Asmianto Hassanah, M.Kom.",asmianto.816@gmail.com
D-C802,drg. Najwa Novitasari,drg..727@gmail.com
D-C803,Cinta Hartati,cinta.241@gmail.com
D-C804,Dina Lestari,dina.558@gmail.com
D-C805,"Ghaliyati Rahimah, S.Kom",ghaliyati.787@gmail.com
D-C806,Gilda Damanik,gilda.427@gmail.com
D-C807,Nilam Hutasoit,nilam.771@gmail.com
D-C808,Salsabila Tarihoran,salsabila.340@gmail.com
D-C809,"Jasmani Hutapea, S.Ked",jasmani.119@gmail.com
D-C810,"Tgk. Najam Kuswoyo, S.H.",tgk..320@gmail.com
D-C811,Jaka Wijayanti,jaka.754@gmail.com
D-C812,Cut Yani Natsir,cut.385@gmail.com
D-C813,Banara Yuliarti,banara.177@gmail.com
D-C814,"R.M. Prayoga Irawan, M.Farm",r.m..565@gmail.com
D-C815,Paiman Nasyidah,paiman.326@gmail.com
D-C816,"Ir. Mala Anggriawan, M.Kom.",ir..657@gmail.com
D-C817,Candrakanta Lestari,candrakanta.656@gmail.com
D-C818,R. Eja Megantara,r..389@gmail.com
D-C819,Sabri Wasita,sabri.710@gmail.com
D-C820,Heru Suartini,heru.716@gmail.com
D-C821,Ade Saefullah,ade.224@gmail.com
D-C822,"Kayun Melani, S.Ked",kayun.731@gmail.com
D-C823,Restu Nashiruddin,restu.316@gmail.com
D-C824,Danuja Prasasta,danuja.857@gmail.com
D-C825,Daruna Permadi,daruna.966@gmail.com
D-C826,"Victoria Melani, S.Kom",victoria.582@gmail.com
D-C827,H. Asirwada Rahimah,h..942@gmail.com
D-C828,Vino Ramadan,vino.499@gmail.com
D-C829,Chandra Habibi,chandra.581@gmail.com
D-C830,Yunita Puspita,yunita.818@gmail.com
D-C831,Nabila Nurdiyanti,nabila.800@gmail.com
D-C832,Hj. Diah Hutagalung,hj..251@gmail.com
D-C833,Raihan Palastri,raihan.362@gmail.com
D-C834,Eva Damanik,eva.114@gmail.com
D-C835,Dt. Kunthara Maheswara,dt..106@gmail.com
D-C836,Baktianto Sirait,baktianto.352@gmail.com
D-C837,Olga Santoso,olga.659@gmail.com
D-C838,Kamila Putra,kamila.173@gmail.com
D-C839,Rama Aryani,rama.620@gmail.com
D-C840,"Cakrabirawa Wahyuni, S.H.",cakrabirawa.507@gmail.com
D-C841,Patricia Purnawati,patricia.296@gmail.com
D-C842,Ade Prabowo,ade.984@gmail.com
D-C843,Baktiadi Pratama,baktiadi.111@gmail.com
D-C844,Vera Handayani,vera.399@gmail.com
D-C845,Victoria Utami,victoria.499@gmail.com
D-C846,Diah Mulyani,diah.747@gmail.com
D-C847,Martani Gunawan,martani.231@gmail.com
D-C848,Hafshah Samosir,hafshah.258@gmail.com
D-C849,Dian Halim,dian.784@gmail.com
D-C850,Dr. Gamanto Pradana,dr..126@gmail.com
D-C851,Natalia Hutasoit,natalia.882@gmail.com
D-C852,Pia Suryatmi,pia.170@gmail.com
D-C853,Darsirah Pangestu,darsirah.435@gmail.com
D-C854,"Artawan Rajata, S.Farm",artawan.274@gmail.com
D-C855,Kajen Mandasari,kajen.757@gmail.com
D-C856,Simon Putra,simon.260@gmail.com
D-C857,Dt. Garang Mardhiyah,dt..365@gmail.com
D-C858,Jinawi Halimah,jinawi.890@gmail.com
D-C859,Tgk. Maman Irawan,tgk..935@gmail.com
D-C860,Novi Hutasoit,novi.326@gmail.com
D-C861,Yuliana Habibi,yuliana.787@gmail.com
D-C862,Amelia Kurniawan,amelia.600@gmail.com
D-C863,Dr. Ajeng Hariyah,dr..662@gmail.com
D-C864,Tirta Haryanto,tirta.770@gmail.com
D-C865,dr. Dinda Pratiwi,dr..196@gmail.com
D-C866,"R.A. Sarah Saptono, S.Ked",r.a..604@gmail.com
D-C867,Alika Irawan,alika.459@gmail.com
D-C868,Tgk. Citra Nasyidah,tgk..963@gmail.com
D-C869,"R. Kania Maryadi, M.TI.",r..942@gmail.com
D-C870,Viman Anggriawan,viman.963@gmail.com
D-C871,"drg. Cinthia Yuliarti, S.Gz",drg..837@gmail.com
D-C872,Gambira Simbolon,gambira.448@gmail.com
D-C873,Septi Wahyudin,septi.732@gmail.com
D-C874,Violet Sinaga,violet.332@gmail.com
D-C875,Karimah Riyanti,karimah.728@gmail.com
D-C876,Farah Situmorang,farah.578@gmail.com
D-C877,"Kania Nababan, S.H.",kania.799@gmail.com
D-C878,KH. Kenes Prayoga,kh..608@gmail.com
D-C879,Rahmi Wastuti,rahmi.628@gmail.com
D-C880,"Jaiman Yolanda, S.E.I",jaiman.621@gmail.com
D-C881,Gilda Kusmawati,gilda.520@gmail.com
D-C882,Anastasia Latupono,anastasia.216@gmail.com
D-C883,Uli Pratiwi,uli.551@gmail.com
D-C884,Cemani Usada,cemani.814@gmail.com
D-C885,Gabriella Simbolon,gabriella.328@gmail.com
D-C886,Joko Saefullah,joko.936@gmail.com
D-C887,Febi Tampubolon,febi.998@gmail.com
D-C888,"Drs. Karimah Sinaga, S.E.I",drs..680@gmail.com
D-C889,Jamalia Maulana,jamalia.311@gmail.com
D-C890,Kanda Winarsih,kanda.104@gmail.com
D-C891,Genta Puspita,genta.976@gmail.com
D-C892,Lala Nainggolan,lala.996@gmail.com
D-C893,Maria Laksmiwati,maria.880@gmail.com
D-C894,"Ir. Cahyanto Suartini, M.Farm",ir..233@gmail.com
D-C895,R. Harimurti Nababan,r..993@gmail.com
D-C896,Maimunah Susanti,maimunah.497@gmail.com
D-C897,"Ir. Hari Uyainah, M.M.",ir..768@gmail.com
D-C898,Alika Prabowo,alika.207@gmail.com
D-C899,"Dr. Mumpuni Hardiansyah, S.Kom",dr..276@gmail.com
D-C900,Bakiman Budiyanto,bakiman.883@gmail.com
D-C901,Puji Iswahyudi,puji.716@gmail.com
D-C902,Zulaikha Rahmawati,zulaikha.384@gmail.com
D-C903,Hairyanto Saefullah,hairyanto.268@gmail.com
D-C904,drg. Anita Mardhiyah,drg..254@gmail.com
D-C905,Cut Padma Melani,cut.994@gmail.com
D-C906,"Puti Salsabila Winarsih, S.Ked",puti.439@gmail.com
D-C907,Edi Permata,edi.594@gmail.com
D-C908,"Ir. Latika Nuraini, M.TI.",ir..208@gmail.com
D-C909,Ir. Gandi Maryadi,ir..304@gmail.com
D-C910,Sari Astuti,sari.516@gmail.com
D-C911,"Fitriani Maryadi, S.I.Kom",fitriani.286@gmail.com
D-C912,Kambali Padmasari,kambali.656@gmail.com
D-C913,Kasiyah Rajata,kasiyah.904@gmail.com
D-C914,Drs. Saadat Utami,drs..893@gmail.com
D-C915,Ir. Banara Riyanti,ir..288@gmail.com
D-C916,"Ir. Lidya Waskita, S.T.",ir..603@gmail.com
D-C917,Ir. Aslijan Maryadi,ir..560@gmail.com
D-C918,Tgk. Juli Budiman,tgk..244@gmail.com
D-C919,Gilang Suwarno,gilang.681@gmail.com
D-C920,"Ophelia Anggriawan, S.Pt",ophelia.722@gmail.com
D-C921,Drs. Balijan Ardianto,drs..246@gmail.com
D-C922,"Ajiono Astuti, S.I.Kom",ajiono.877@gmail.com
D-C923,Vanesa Hassanah,vanesa.864@gmail.com
D-C924,"R. Prakosa Santoso, S.E.",r..216@gmail.com
D-C925,"R. Puti Narpati, M.Pd",r..889@gmail.com
D-C926,Maria Purnawati,maria.880@gmail.com
D-C927,Zamira Hidayanto,zamira.140@gmail.com
D-C928,"Lanjar Hutasoit, S.Farm",lanjar.538@gmail.com
D-C929,Salsabila Maryadi,salsabila.673@gmail.com
D-C930,Umar Habibi,umar.251@gmail.com
D-C931,"Emong Prasetya, S.Pt",emong.942@gmail.com
D-C932,Drs. Novi Salahudin,drs..709@gmail.com
D-C933,"Diah Widiastuti, S.E.",diah.604@gmail.com
D-C934,"Maria Maryadi, M.Farm",maria.992@gmail.com
D-C935,Ani Kusmawati,ani.655@gmail.com
D-C936,Malika Mardhiyah,malika.148@gmail.com
D-C937,Maras Namaga,maras.109@gmail.com
D-C938,drg. Balamantri Rajasa,drg..784@gmail.com
D-C939,Estiono Sihombing,estiono.452@gmail.com
D-C940,Bakiman Pratiwi,bakiman.784@gmail.com
D-C941,"Hj. Eva Wasita, S.Sos",hj..858@gmail.com
D-C942,drg. Dwi Sinaga,drg..181@gmail.com
D-C943,R.M. Laswi Budiman,r.m..992@gmail.com
D-C944,Uli Prastuti,uli.521@gmail.com
D-C945,Elma Irawan,elma.709@gmail.com
D-C946,"Tgk. Prayoga Damanik, M.Farm",tgk..473@gmail.com
D-C947,"Dr. Kamaria Wijayanti, S.I.Kom",dr..404@gmail.com
D-C948,R. Umay Wibisono,r..497@gmail.com
D-C949,Farhunnisa Zulkarnain,farhunnisa.923@gmail.com
D-C950,Rachel Maheswara,rachel.982@gmail.com
D-C951,"Nasab Widodo, S.I.Kom",nasab.271@gmail.com
D-C952,Almira Pudjiastuti,almira.262@gmail.com
D-C953,"Dr. Edison Permadi, S.E.I",dr..950@gmail.com
D-C954,Clara Palastri,clara.263@gmail.com
D-C955,Daliman Laksmiwati,daliman.508@gmail.com
D-C956,Belinda Pertiwi,belinda.369@gmail.com
D-C957,Tgk. Gamblang Purnawati,tgk..276@gmail.com
D-C958,Ciaobella Pradipta,ciaobella.473@gmail.com
D-C959,Galar Mandasari,galar.651@gmail.com
D-C960,Tgk. Anita Kusumo,tgk..776@gmail.com
D-C961,Hj. Endah Usada,hj..780@gmail.com
D-C962,"Novi Maryadi, S.Ked",novi.341@gmail.com
D-C963,Carla Pradipta,carla.423@gmail.com
D-C964,"drg. Rudi Rajasa, S.T.",drg..766@gmail.com
D-C965,Kartika Maryati,kartika.309@gmail.com
D-C966,Daru Santoso,daru.274@gmail.com
D-C967,Gamani Marpaung,gamani.666@gmail.com
D-C968,Aditya Andriani,aditya.807@gmail.com
D-C969,Hafshah Wasita,hafshah.857@gmail.com
D-C970,Fitriani Jailani,fitriani.447@gmail.com
D-C971,Oman Gunarto,oman.112@gmail.com
D-C972,R.M. Eja Saputra,r.m..957@gmail.com
D-C973,Eli Suryatmi,eli.897@gmail.com
D-C974,Dian Sitompul,dian.778@gmail.com
D-C975,"drg. Purwadi Novitasari, M.TI.",drg..775@gmail.com
D-C976,"Hj. Ghaliyati Astuti, S.E.I",hj..117@gmail.com
D-C977,dr. Galar Puspasari,dr..243@gmail.com
D-C978,"Tgk. Garang Prasetya, S.Ked",tgk..143@gmail.com
D-C979,Zalindra Saptono,zalindra.157@gmail.com
D-C980,Dartono Thamrin,dartono.525@gmail.com
D-C981,Dewi Maryati,dewi.281@gmail.com
D-C982,Julia Kusumo,julia.851@gmail.com
D-C983,Ade Santoso,ade.805@gmail.com
D-C984,R.A. Zulaikha Uwais,r.a..599@gmail.com
D-C985,Joko Hartati,joko.550@gmail.com
D-C986,Legawa Simanjuntak,legawa.417@gmail.com
D-C987,Zaenab Rahayu,zaenab.343@gmail.com
D-C988,"Ir. Tami Sihombing, S.H.",ir..835@gmail.com
D-C989,Ismail Januar,ismail.507@gmail.com
D-C990,"Dt. Ozy Firmansyah, S.Pd",dt..811@gmail.com
D-C991,"Puti Kamila Sitompul, M.Ak",puti.124@gmail.com
D-C992,Lamar Padmasari,lamar.446@gmail.com
D-C993,Dt. Damar Kuswandari,dt..990@gmail.com
D-C994,Syahrini Puspasari,syahrini.868@gmail.com
D-C995,"Indah Waskita, S.T.",indah.708@gmail.com
D-C996,Karen Marpaung,karen.594@gmail.com
D-C997,dr. Silvia Usada,dr..118@gmail.com
D-C998,Hana Palastri,hana.614@gmail.com
D-C999,"Alika Saefullah, M.Farm",alika.383@gmail.com
D-C1000,Nurul Hakim,nurul.418@gmail.com
D-C1001,Elisa Palastri,elisa.575@gmail.com
D-C1002,Gandi Utami,gandi.928@gmail.com
D-C1003,Wulan Jailani,wulan.668@gmail.com
D-C1004,Kanda Sihombing,kanda.777@gmail.com
D-C1005,R.A. Padma Prastuti,r.a..222@gmail.com
D-C1006,"Puti Najwa Andriani, S.H.",puti.391@gmail.com
D-C1007,"Gara Mansur, S.Kom",gara.223@gmail.com
D-C1008,Chelsea Hakim,chelsea.344@gmail.com
D-C1009,"Jinawi Thamrin, S.Sos",jinawi.799@gmail.com
D-C1010,Oman Hutasoit,oman.203@gmail.com
D-C1011,R. Paris Samosir,r..325@gmail.com
D-C1012,Suci Narpati,suci.747@gmail.com
D-C1013,Wirda Zulkarnain,wirda.978@gmail.com
D-C1014,"Viktor Manullang, S.I.Kom",viktor.909@gmail.com
D-C1015,Ira Tampubolon,ira.493@gmail.com
D-C1016,Pia Purnawati,pia.943@gmail.com
D-C1017,Drs. Taufan Yulianti,drs..843@gmail.com
D-C1018,Estiono Dongoran,estiono.504@gmail.com
D-C1019,Cahyono Riyanti,cahyono.183@gmail.com
D-C1020,Ophelia Lailasari,ophelia.831@gmail.com
D-C1021,Sutan Bahuraksa Wahyuni,sutan.185@gmail.com
D-C1022,Ganda Hidayanto,ganda.553@gmail.com
D-C1023,Lili Rajata,lili.737@gmail.com
D-C1024,Xanana Mahendra,xanana.288@gmail.com
D-C1025,Ivan Saefullah,ivan.988@gmail.com
D-C1026,Lili Mustofa,lili.739@gmail.com
D-C1027,"Dt. Rudi Rajata, S.E.",dt..396@gmail.com
D-C1028,Wani Adriansyah,wani.190@gmail.com
D-C1029,Surya Wasita,surya.905@gmail.com
D-C1030,R. Mila Saputra,r..773@gmail.com
D-C1031,Jarwadi Nugroho,jarwadi.740@gmail.com
D-C1032,Paramita Oktaviani,paramita.657@gmail.com
D-C1033,Lala Pudjiastuti,lala.512@gmail.com
D-C1034,"Luis Mansur, S.E.",luis.400@gmail.com
D-C1035,"T. Gaiman Pudjiastuti, M.Farm",t..671@gmail.com
D-C1036,Tgk. Kamila Kusumo,tgk..225@gmail.com
D-C1037,"Waluyo Manullang, S.Gz",waluyo.778@gmail.com
D-C1038,Salsabila Yulianti,salsabila.740@gmail.com
D-C1039,Luthfi Narpati,luthfi.268@gmail.com
D-C1040,"Paris Zulkarnain, S.E.I",paris.698@gmail.com
D-C1041,"Cici Gunarto, S.Sos",cici.739@gmail.com
D-C1042,"Samiah Kusumo, S.E.I",samiah.401@gmail.com
D-C1043,Ganjaran Astuti,ganjaran.660@gmail.com
D-C1044,Ian Zulaika,ian.717@gmail.com
D-C1045,Fathonah Najmudin,fathonah.540@gmail.com
D-C1046,"Virman Safitri, S.Gz",virman.228@gmail.com
D-C1047,Julia Putra,julia.824@gmail.com
D-C1048,Caraka Saputra,caraka.413@gmail.com
D-C1049,"R.A. Samiah Hastuti, S.E.",r.a..363@gmail.com
D-C1050,Vera Iswahyudi,vera.122@gmail.com
D-C1051,"Hendra Pertiwi, M.Kom.",hendra.769@gmail.com
D-C1052,Yance Halim,yance.491@gmail.com
D-C1053,Rahayu Wastuti,rahayu.629@gmail.com
D-C1054,"Zizi Mahendra, S.Psi",zizi.337@gmail.com
D-C1055,"H. Wawan Sitorus, S.Psi",h..998@gmail.com
D-C1056,"Agnes Manullang, M.TI.",agnes.240@gmail.com
D-C1057,Hasim Namaga,hasim.251@gmail.com
D-C1058,Panji Pradipta,panji.978@gmail.com
D-C1059,Eman Jailani,eman.946@gmail.com
D-C1060,Nasim Halimah,nasim.666@gmail.com
D-C1061,Setya Mustofa,setya.161@gmail.com
D-C1062,dr. Darman Simanjuntak,dr..451@gmail.com
D-C1063,"Langgeng Wasita, M.Pd",langgeng.850@gmail.com
D-C1064,Anastasia Najmudin,anastasia.149@gmail.com
D-C1065,"R.A. Kiandra Mardhiyah, S.Psi",r.a..241@gmail.com
D-C1066,Hafshah Haryanti,hafshah.656@gmail.com
D-C1067,"Manah Mardhiyah, S.H.",manah.486@gmail.com
D-C1068,"Cut Tantri Prasetya, M.Pd",cut.859@gmail.com
D-C1069,Puti Wulandari,puti.560@gmail.com
D-C1070,Nadia Salahudin,nadia.418@gmail.com
D-C1071,"Puti Icha Zulaika, M.M.",puti.477@gmail.com
D-C1072,Hani Megantara,hani.992@gmail.com
D-C1073,Cawisono Najmudin,cawisono.346@gmail.com
D-C1074,Karta Novitasari,karta.448@gmail.com
D-C1075,"Dirja Nuraini, S.Kom",dirja.692@gmail.com
D-C1076,Jayeng Saputra,jayeng.433@gmail.com
D-C1077,"Dr. Kurnia Mulyani, S.Gz",dr..855@gmail.com
D-C1078,Drs. Tami Gunarto,drs..805@gmail.com
D-C1079,Suci Saragih,suci.698@gmail.com
D-C1080,Karna Puspita,karna.177@gmail.com
D-C1081,"Cut Jasmin Nuraini, S.Ked",cut.246@gmail.com
D-C1082,Ulva Oktaviani,ulva.176@gmail.com
D-C1083,"Cinthia Jailani, S.H.",cinthia.497@gmail.com
D-C1084,Cinta Tarihoran,cinta.334@gmail.com
D-C1085,Erik Hardiansyah,erik.977@gmail.com
D-C1086,dr. Labuh Maryati,dr..943@gmail.com
D-C1087,KH. Wawan Gunawan,kh..587@gmail.com
D-C1088,Jatmiko Maheswara,jatmiko.434@gmail.com
D-C1089,"Bakiono Hutapea, S.E.",bakiono.141@gmail.com
D-C1090,"R.A. Elma Gunarto, S.Kom",r.a..731@gmail.com
D-C1091,Drs. Ifa Mahendra,drs..274@gmail.com
D-C1092,"Zaenab Andriani, M.M.",zaenab.199@gmail.com
D-C1093,Novi Wibowo,novi.612@gmail.com
D-C1094,"KH. Umar Wulandari, S.E.",kh..733@gmail.com
D-C1095,Hafshah Sihotang,hafshah.432@gmail.com
D-C1096,Winda Purnawati,winda.703@gmail.com
D-C1097,Raihan Latupono,raihan.290@gmail.com
D-C1098,Kemba Lazuardi,kemba.336@gmail.com
D-C1099,Dr. Luwar Rajasa,dr..842@gmail.com
D-C1100,Zamira Agustina,zamira.259@gmail.com
D-C1101,"Hendra Damanik, M.Farm",hendra.684@gmail.com
D-C1102,Oskar Saputra,oskar.265@gmail.com
D-C1103,Kani Dabukke,kani.161@gmail.com
D-C1104,Prasetyo Waskita,prasetyo.105@gmail.com
D-C1105,Hendri Najmudin,hendri.732@gmail.com
D-C1106,"Dr. Darijan Usamah, M.Ak",dr..727@gmail.com
D-C1107,"Drs. Yessi Padmasari, S.H.",drs..714@gmail.com
D-C1108,Dr. Jagaraga Maulana,dr..978@gmail.com
D-C1109,Bakiadi Winarsih,bakiadi.523@gmail.com
D-C1110,"Cut Vera Gunarto, S.H.",cut.971@gmail.com
D-C1111,"dr. Cahyo Nurdiyanti, M.Farm",dr..959@gmail.com
D-C1112,"Yuni Saragih, M.Ak",yuni.521@gmail.com
D-C1113,Widya Aryani,widya.431@gmail.com
D-C1114,"R.M. Umay Haryanto, S.E.I",r.m..944@gmail.com
D-C1115,Dt. Margana Sitorus,dt..101@gmail.com
D-C1116,Maimunah Pratama,maimunah.138@gmail.com
D-C1117,Aditya Fujiati,aditya.178@gmail.com
D-C1118,Mala Rahimah,mala.592@gmail.com
D-C1119,KH. Dadi Zulaika,kh..537@gmail.com
D-C1120,"Drs. Jaswadi Uwais, M.Farm",drs..885@gmail.com
D-C1121,Carla Permadi,carla.441@gmail.com
D-C1122,"Ir. Anita Jailani, M.Ak",ir..568@gmail.com
D-C1123,Gandewa Suryono,gandewa.765@gmail.com
D-C1124,Daliman Padmasari,daliman.440@gmail.com
D-C1125,"R.M. Edi Jailani, M.TI.",r.m..962@gmail.com
D-C1126,Opan Riyanti,opan.424@gmail.com
D-C1127,Emong Winarno,emong.107@gmail.com
D-C1128,Ir. Raisa Puspasari,ir..155@gmail.com
D-C1129,"Ir. Zaenab Novitasari, M.TI.",ir..373@gmail.com
D-C1130,"R.M. Sidiq Simanjuntak, M.M.",r.m..640@gmail.com
D-C1131,Bakiono Hassanah,bakiono.482@gmail.com
D-C1132,drg. Halima Suryono,drg..947@gmail.com
D-C1133,"Ir. Gilda Usada, M.Farm",ir..324@gmail.com
D-C1134,Bala Salahudin,bala.529@gmail.com
D-C1135,dr. Kayla Winarsih,dr..901@gmail.com
D-C1136,"Kunthara Habibi, S.IP",kunthara.987@gmail.com
D-C1137,Ir. Najib Santoso,ir..661@gmail.com
D-C1138,Ir. Cemplunk Saefullah,ir..291@gmail.com
D-C1139,"drg. Kasim Uyainah, S.Pd",drg..197@gmail.com
D-C1140,Yulia Sinaga,yulia.568@gmail.com
D-C1141,"Drs. Prayogo Rahmawati, S.Pt",drs..787@gmail.com
D-C1142,Hari Namaga,hari.478@gmail.com
D-C1143,"Dr. Ophelia Januar, M.Farm",dr..504@gmail.com
D-C1144,"Drs. Sakti Firmansyah, S.E.",drs..735@gmail.com
D-C1145,Jamalia Agustina,jamalia.973@gmail.com
D-C1146,"Drs. Ani Nababan, M.Farm",drs..375@gmail.com
D-C1147,Unjani Nurdiyanti,unjani.867@gmail.com
D-C1148,Ana Nashiruddin,ana.737@gmail.com
D-C1149,Heryanto Nuraini,heryanto.671@gmail.com
D-C1150,Devi Oktaviani,devi.381@gmail.com
D-C1151,Lutfan Prakasa,lutfan.446@gmail.com
D-C1152,Sabrina Hidayanto,sabrina.462@gmail.com
D-C1153,Baktiadi Usada,baktiadi.784@gmail.com
D-C1154,Kamidin Mustofa,kamidin.663@gmail.com
D-C1155,Ina Nasyiah,ina.732@gmail.com
D-C1156,Candra Mardhiyah,candra.165@gmail.com
D-C1157,"Dr. Purwa Mandala, S.Gz",dr..885@gmail.com
D-C1158,"Cemeti Fujiati, M.TI.",cemeti.805@gmail.com
D-C1159,Kezia Yuniar,kezia.140@gmail.com
D-C1160,Shania Handayani,shania.184@gmail.com
D-C1161,"Karsana Dabukke, S.Kom",karsana.474@gmail.com
D-C1162,Rina Wulandari,rina.859@gmail.com
D-C1163,"Raditya Mansur, M.M.",raditya.248@gmail.com
D-C1164,"Drs. Novi Widiastuti, S.IP",drs..265@gmail.com
D-C1165,"Jefri Wahyudin, M.Ak",jefri.946@gmail.com
D-C1166,Tgk. Banara Hutapea,tgk..588@gmail.com
D-C1167,"Cici Uwais, M.Farm",cici.606@gmail.com
D-C1168,Diah Pratama,diah.681@gmail.com
D-C1169,Lembah Kuswoyo,lembah.611@gmail.com
D-C1170,Maya Halim,maya.554@gmail.com
D-C1171,"R. Hartaka Halimah, S.Farm",r..304@gmail.com
D-C1172,Azalea Yulianti,azalea.262@gmail.com
D-C1173,Cawisono Habibi,cawisono.828@gmail.com
D-C1174,Widya Usamah,widya.625@gmail.com
D-C1175,Rina Saputra,rina.262@gmail.com
D-C1176,"H. Atmaja Agustina, S.Pd",h..347@gmail.com
D-C1177,Kasiran Rahayu,kasiran.856@gmail.com
D-C1178,"Bagya Wacana, S.Pt",bagya.974@gmail.com
D-C1179,"Mutia Damanik, S.Sos",mutia.813@gmail.com
D-C1180,Tgk. Endra Situmorang,tgk..266@gmail.com
D-C1181,Mulyanto Permata,mulyanto.176@gmail.com
D-C1182,"R. Kenari Farida, S.Sos",r..239@gmail.com
D-C1183,Jaga Budiyanto,jaga.882@gmail.com
D-C1184,"Qori Ardianto, S.Pd",qori.255@gmail.com
D-C1185,Najwa Prasasta,najwa.889@gmail.com
D-C1186,Lamar Nasyidah,lamar.892@gmail.com
D-C1187,Dt. Opung Prasetyo,dt..481@gmail.com
D-C1188,Sabrina Rajata,sabrina.275@gmail.com
D-C1189,"Yunita Mandala, S.Psi",yunita.567@gmail.com
D-C1190,"Lalita Manullang, M.Kom.",lalita.486@gmail.com
D-C1191,Gawati Putra,gawati.782@gmail.com
D-C1192,"Yuliana Padmasari, M.Kom.",yuliana.901@gmail.com
D-C1193,Wulan Haryanto,wulan.737@gmail.com
D-C1194,Zamira Damanik,zamira.863@gmail.com
D-C1195,Hasta Wastuti,hasta.317@gmail.com
D-C1196,"Tgk. Maimunah Halim, S.Farm",tgk..178@gmail.com
D-C1197,Rahman Haryanto,rahman.647@gmail.com
D-C1198,Mumpuni Saragih,mumpuni.852@gmail.com
D-C1199,Maimunah Waluyo,maimunah.735@gmail.com
D-C1200,"R. Ani Saragih, S.Ked",r..193@gmail.com
D-C1201,R. Cawisono Wijayanti,r..617@gmail.com
D-C1202,Hadi Marbun,hadi.495@gmail.com
D-C1203,Rahman Wijaya,rahman.591@gmail.com
D-C1204,Ghaliyati Maulana,ghaliyati.285@gmail.com
D-C1205,Sutan Danang Rahimah,sutan.227@gmail.com
D-C1206,Dt. Asman Nasyidah,dt..477@gmail.com
D-C1207,Talia Hutasoit,talia.716@gmail.com
D-C1208,Jaeman Wijayanti,jaeman.275@gmail.com
D-C1209,Mutia Thamrin,mutia.414@gmail.com
D-C1210,Jail Narpati,jail.840@gmail.com
D-C1211,Kala Mustofa,kala.497@gmail.com
D-C1212,Bagas Thamrin,bagas.898@gmail.com
D-C1213,"Clara Januar, S.I.Kom",clara.917@gmail.com
D-C1214,Gawati Prasetyo,gawati.744@gmail.com
D-C1215,Irfan Simbolon,irfan.610@gmail.com
D-C1216,Drs. Prabu Damanik,drs..904@gmail.com
D-C1217,Prakosa Uyainah,prakosa.309@gmail.com
D-C1218,Nyana Hutapea,nyana.978@gmail.com
D-C1219,"Opung Purwanti, S.E.",opung.570@gmail.com
D-C1220,"Sari Anggriawan, S.Sos",sari.949@gmail.com
D-C1221,"drg. Budi Astuti, S.E.I",drg..357@gmail.com
D-C1222,Saadat Sirait,saadat.239@gmail.com
D-C1223,"Lasmanto Agustina, S.H.",lasmanto.158@gmail.com
D-C1224,Rafi Habibi,rafi.824@gmail.com
D-C1225,Purwadi Irawan,purwadi.526@gmail.com
D-C1226,Patricia Wahyuni,patricia.415@gmail.com
D-C1227,Tgk. Violet Wibisono,tgk..794@gmail.com
D-C1228,drg. Jasmin Wasita,drg..751@gmail.com
D-C1229,Amalia Firmansyah,amalia.131@gmail.com
D-C1230,Hj. Ghaliyati Sihombing,hj..755@gmail.com
D-C1231,"Lukita Mansur, S.T.",lukita.841@gmail.com
D-C1232,"R.A. Sadina Prasetyo, M.Farm",r.a..421@gmail.com
D-C1233,"Cut Vanesa Kusumo, M.Kom.",cut.394@gmail.com
D-C1234,Reza Zulkarnain,reza.108@gmail.com
D-C1235,Ilyas Mustofa,ilyas.143@gmail.com
D-C1236,"Yuni Nugroho, S.Pd",yuni.311@gmail.com
D-C1237,Cindy Budiman,cindy.248@gmail.com
D-C1238,R. Lanjar Safitri,r..958@gmail.com
D-C1239,R.A. Intan Dongoran,r.a..855@gmail.com
D-C1240,"Tgk. Calista Pangestu, S.I.Kom",tgk..207@gmail.com
D-C1241,"Ulya Marpaung, S.E.",ulya.757@gmail.com
D-C1242,"R. Adinata Wasita, S.I.Kom",r..246@gmail.com
D-C1243,Drs. Puspa Marpaung,drs..112@gmail.com
D-C1244,Karimah Puspita,karimah.572@gmail.com
D-C1245,Darmana Hastuti,darmana.676@gmail.com
D-C1246,Jamil Sihombing,jamil.234@gmail.com
D-C1247,"Dr. Dinda Lazuardi, S.Gz",dr..200@gmail.com
D-C1248,"Putri Pratiwi, S.Gz",putri.561@gmail.com
D-C1249,Vinsen Hutagalung,vinsen.488@gmail.com
D-C1250,"Lintang Tarihoran, M.Kom.",lintang.241@gmail.com
D-C1251,Drs. Respati Simanjuntak,drs..549@gmail.com
D-C1252,Endah Usada,endah.826@gmail.com
D-C1253,Surya Wibisono,surya.371@gmail.com
D-C1254,Rahayu Usada,rahayu.987@gmail.com
D-C1255,Gada Purwanti,gada.437@gmail.com
D-C1256,Langgeng Firgantoro,langgeng.253@gmail.com
D-C1257,Laras Waluyo,laras.947@gmail.com
D-C1258,R.A. Karen Kusmawati,r.a..468@gmail.com
D-C1259,Edward Prabowo,edward.426@gmail.com
D-C1260,Novi Manullang,novi.504@gmail.com
D-C1261,Darsirah Wastuti,darsirah.274@gmail.com
D-C1262,Gina Usada,gina.378@gmail.com
D-C1263,Cengkir Simbolon,cengkir.392@gmail.com
D-C1264,Paramita Hutagalung,paramita.565@gmail.com
D-C1265,Zaenab Gunawan,zaenab.254@gmail.com
D-C1266,Kezia Pradipta,kezia.866@gmail.com
D-C1267,Kala Hutapea,kala.219@gmail.com
D-C1268,Dartono Pudjiastuti,dartono.978@gmail.com
D-C1269,Dt. Lurhur Natsir,dt..662@gmail.com
D-C1270,"Hamzah Mandasari, S.Sos",hamzah.995@gmail.com
D-C1271,Joko Wulandari,joko.565@gmail.com
D-C1272,"Ir. Harsana Puspita, M.M.",ir..663@gmail.com
D-C1273,Elvin Winarno,elvin.685@gmail.com
D-C1274,Praba Mustofa,praba.947@gmail.com
D-C1275,"Amelia Hariyah, S.Gz",amelia.240@gmail.com
D-C1276,Paiman Widodo,paiman.527@gmail.com
D-C1277,"Ina Nashiruddin, S.H.",ina.536@gmail.com
D-C1278,dr. Xanana Habibi,dr..695@gmail.com
D-C1279,Putri Dongoran,putri.768@gmail.com
D-C1280,Tgk. Yuni Farida,tgk..819@gmail.com
D-C1281,Dt. Xanana Hassanah,dt..804@gmail.com
D-C1282,Pia Oktaviani,pia.679@gmail.com
D-C1283,Among Marbun,among.581@gmail.com
D-C1284,Cager Usada,cager.406@gmail.com
D-C1285,R.M. Ibun Tamba,r.m..313@gmail.com
D-C1286,Vicky Najmudin,vicky.804@gmail.com
D-C1287,Intan Sinaga,intan.478@gmail.com
D-C1288,Siti Mulyani,siti.710@gmail.com
D-C1289,Maryanto Natsir,maryanto.331@gmail.com
D-C1290,Drajat Astuti,drajat.695@gmail.com
D-C1291,Belinda Suartini,belinda.768@gmail.com
D-C1292,Radika Gunarto,radika.409@gmail.com
D-C1293,"R.M. Atma Prabowo, S.T.",r.m..397@gmail.com
D-C1294,Yuni Mayasari,yuni.547@gmail.com
D-C1295,"Rangga Wijayanti, S.I.Kom",rangga.387@gmail.com
D-C1296,"R. Ozy Sihombing, S.Pt",r..996@gmail.com
D-C1297,"R.A. Safina Manullang, S.Pt",r.a..452@gmail.com
D-C1298,"Betania Susanti, S.I.Kom",betania.265@gmail.com
D-C1299,Catur Usada,catur.537@gmail.com
D-C1300,Tantri Latupono,tantri.860@gmail.com
D-C1301,Dr. Restu Padmasari,dr..724@gmail.com
D-C1302,"Sutan Gandi Suwarno, S.Psi",sutan.486@gmail.com
D-C1303,"Suci Marpaung, S.Pt",suci.607@gmail.com
D-C1304,Lamar Tarihoran,lamar.263@gmail.com
D-C1305,Danang Aryani,danang.439@gmail.com
D-C1306,"T. Dimas Tamba, S.Gz",t..554@gmail.com
D-C1307,"Amelia Sihotang, S.I.Kom",amelia.707@gmail.com
D-C1308,Danu Samosir,danu.335@gmail.com
D-C1309,Maida Prasetya,maida.164@gmail.com
D-C1310,"Tgk. Kemal Siregar, S.E.I",tgk..397@gmail.com
D-C1311,drg. Mariadi Manullang,drg..166@gmail.com
D-C1312,Lulut Kusmawati,lulut.180@gmail.com
D-C1313,"Dr. Sabar Prabowo, S.Pd",dr..982@gmail.com
D-C1314,"Tgk. Restu Widodo, S.Kom",tgk..103@gmail.com
D-C1315,"Tgk. Cengkir Pangestu, S.Pd",tgk..542@gmail.com
D-C1316,Daruna Maheswara,daruna.309@gmail.com
D-C1317,Ami Prasasta,ami.326@gmail.com
D-C1318,Lili Pradana,lili.994@gmail.com
D-C1319,"Adhiarja Sitorus, M.M.",adhiarja.147@gmail.com
D-C1320,Martana Pangestu,martana.538@gmail.com
D-C1321,Dr. Clara Aryani,dr..267@gmail.com
D-C1322,"Nadia Rajasa, S.Kom",nadia.305@gmail.com
D-C1323,Rini Iswahyudi,rini.530@gmail.com
D-C1324,Ika Saragih,ika.369@gmail.com
D-C1325,Zulfa Laksita,zulfa.113@gmail.com
D-C1326,drg. Elvina Oktaviani,drg..921@gmail.com
D-C1327,Ir. Among Prayoga,ir..224@gmail.com
D-C1328,Banawa Iswahyudi,banawa.275@gmail.com
D-C1329,Joko Nainggolan,joko.323@gmail.com
D-C1330,Bakiadi Halim,bakiadi.589@gmail.com
D-C1331,Bahuraksa Wulandari,bahuraksa.675@gmail.com
D-C1332,Dagel Iswahyudi,dagel.231@gmail.com
D-C1333,Azalea Handayani,azalea.707@gmail.com
D-C1334,"Ir. Gangsa Siregar, S.Farm",ir..573@gmail.com
D-C1335,Dr. Lala Rajata,dr..426@gmail.com
D-C1336,Harto Simbolon,harto.498@gmail.com
D-C1337,Farhunnisa Utama,farhunnisa.525@gmail.com
D-C1338,Drs. Gaman Suwarno,drs..476@gmail.com
D-C1339,Vanya Hariyah,vanya.731@gmail.com
D-C1340,"Ghaliyati Pratiwi, S.Sos",ghaliyati.274@gmail.com
D-C1341,Julia Putra,julia.775@gmail.com
D-C1342,Jamalia Pratiwi,jamalia.993@gmail.com
D-C1343,"Dono Usamah, M.Kom.",dono.717@gmail.com
D-C1344,"R.M. Adikara Samosir, S.E.",r.m..808@gmail.com
D-C1345,Waluyo Kuswoyo,waluyo.197@gmail.com
D-C1346,R.A. Bella Rajasa,r.a..496@gmail.com
D-C1347,Tari Saputra,tari.569@gmail.com
D-C1348,Ophelia Mustofa,ophelia.180@gmail.com
D-C1349,Diana Hastuti,diana.966@gmail.com
D-C1350,Diah Mustofa,diah.801@gmail.com
D-C1351,Hairyanto Utami,hairyanto.551@gmail.com
D-C1352,"drg. Faizah Nasyiah, S.Psi",drg..300@gmail.com
D-C1353,"Rachel Mustofa, S.Pt",rachel.371@gmail.com
D-C1354,Mutia Wahyuni,mutia.976@gmail.com
D-C1355,"Tgk. Ismail Uwais, S.E.",tgk..537@gmail.com
D-C1356,Cinthia Dabukke,cinthia.772@gmail.com
D-C1357,Darijan Iswahyudi,darijan.392@gmail.com
D-C1358,Eli Maryadi,eli.543@gmail.com
D-C1359,Akarsana Purnawati,akarsana.539@gmail.com
D-C1360,Diah Lailasari,diah.463@gmail.com
D-C1361,Ratna Nurdiyanti,ratna.559@gmail.com
D-C1362,Gangsar Puspasari,gangsar.296@gmail.com
D-C1363,Hasna Kuswoyo,hasna.691@gmail.com
D-C1364,Yuliana Mayasari,yuliana.651@gmail.com
D-C1365,Lantar Astuti,lantar.606@gmail.com
D-C1366,Nasrullah Nainggolan,nasrullah.356@gmail.com
D-C1367,"KH. Cawisono Kuswoyo, S.Sos",kh..356@gmail.com
D-C1368,"Ir. Warta Pradana, S.Farm",ir..322@gmail.com
D-C1369,Ifa Damanik,ifa.609@gmail.com
D-C1370,Titin Yulianti,titin.944@gmail.com
D-C1371,"Iriana Rajasa, S.Pt",iriana.799@gmail.com
D-C1372,Dr. Galih Maryadi,dr..140@gmail.com
D-C1373,Ir. Jayeng Sirait,ir..133@gmail.com
D-C1374,"Umar Damanik, S.Ked",umar.575@gmail.com
D-C1375,Gandewa Thamrin,gandewa.748@gmail.com
D-C1376,Cindy Situmorang,cindy.222@gmail.com
D-C1377,Malika Hutapea,malika.631@gmail.com
D-C1378,"Drs. Balidin Firmansyah, S.I.Kom",drs..981@gmail.com
D-C1379,Jaya Saefullah,jaya.155@gmail.com
D-C1380,Putri Farida,putri.879@gmail.com
D-C1381,Ganep Jailani,ganep.548@gmail.com
D-C1382,"Dt. Prakosa Hakim, S.E.I",dt..686@gmail.com
D-C1383,Dt. Mitra Siregar,dt..137@gmail.com
D-C1384,Imam Rahmawati,imam.266@gmail.com
D-C1385,Hj. Natalia Suwarno,hj..519@gmail.com
D-C1386,"T. Caturangga Ramadan, M.Ak",t..662@gmail.com
D-C1387,"Hj. Vicky Sitorus, S.Pd",hj..157@gmail.com
D-C1388,Jabal Saputra,jabal.544@gmail.com
D-C1389,Hilda Firgantoro,hilda.952@gmail.com
D-C1390,Tania Rajata,tania.901@gmail.com
D-C1391,Drs. Cakrabirawa Dongoran,drs..863@gmail.com
D-C1392,Warta Hasanah,warta.777@gmail.com
D-C1393,Cut Ami Widodo,cut.705@gmail.com
D-C1394,Shakila Nababan,shakila.178@gmail.com
D-C1395,Chelsea Hariyah,chelsea.889@gmail.com
D-C1396,Sutan Cakrajiya Maryati,sutan.104@gmail.com
D-C1397,Kartika Riyanti,kartika.813@gmail.com
D-C1398,Sari Yuliarti,sari.283@gmail.com
D-C1399,Prasetya Widiastuti,prasetya.576@gmail.com
D-C1400,Tgk. Mala Sihombing,tgk..551@gmail.com
D-C1401,Juli Purnawati,juli.885@gmail.com
D-C1402,Harto Oktaviani,harto.609@gmail.com
D-C1403,Bambang Wacana,bambang.552@gmail.com
D-C1404,Queen Yulianti,queen.483@gmail.com
D-C1405,Rika Mandala,rika.656@gmail.com
D-C1406,Tantri Hutasoit,tantri.286@gmail.com
D-C1407,dr. Galak Prasasta,dr..333@gmail.com
D-C1408,Galih Sinaga,galih.832@gmail.com
D-C1409,Rahayu Mandala,rahayu.483@gmail.com
D-C1410,Mahmud Marpaung,mahmud.830@gmail.com
D-C1411,Eko Utama,eko.155@gmail.com
D-C1412,"Ir. Dartono Firgantoro, S.Pd",ir..548@gmail.com
D-C1413,Dina Rahimah,dina.394@gmail.com
D-C1414,Cut Ifa Rahmawati,cut.461@gmail.com
D-C1415,Rachel Ardianto,rachel.196@gmail.com
D-C1416,Yuni Permata,yuni.625@gmail.com
D-C1417,Ade Wacana,ade.867@gmail.com
D-C1418,Wani Novitasari,wani.241@gmail.com
D-C1419,Jane Maryadi,jane.442@gmail.com
D-C1420,Anom Pudjiastuti,anom.698@gmail.com
D-C1421,Gading Anggriawan,gading.555@gmail.com
D-C1422,Gangsar Mansur,gangsar.428@gmail.com
D-C1423,Alika Tamba,alika.501@gmail.com
D-C1424,Ratna Sinaga,ratna.662@gmail.com
D-C1425,Radika Manullang,radika.642@gmail.com
D-C1426,"Dt. Adhiarja Sitorus, S.I.Kom",dt..231@gmail.com
D-C1427,Karman Manullang,karman.969@gmail.com
D-C1428,Gina Permata,gina.681@gmail.com
D-C1429,"Ir. Ella Zulkarnain, S.Gz",ir..809@gmail.com
D-C1430,Warji Prayoga,warji.460@gmail.com
D-C1431,"drg. Artanto Napitupulu, M.TI.",drg..632@gmail.com
D-C1432,Gabriella Nugroho,gabriella.909@gmail.com
D-C1433,"Maimunah Megantara, S.Psi",maimunah.667@gmail.com
D-C1434,Ega Puspasari,ega.356@gmail.com
D-C1435,Capa Latupono,capa.974@gmail.com
D-C1436,Waluyo Pangestu,waluyo.810@gmail.com
D-C1437,Daliman Mansur,daliman.150@gmail.com
D-C1438,Vega Manullang,vega.835@gmail.com
D-C1439,Eli Jailani,eli.988@gmail.com
D-C1440,"Ir. Ami Lazuardi, M.M.",ir..351@gmail.com
D-C1441,Dimaz Situmorang,dimaz.725@gmail.com
D-C1442,dr. Gamblang Hastuti,dr..295@gmail.com
D-C1443,"Dt. Karman Ardianto, M.Pd",dt..757@gmail.com
D-C1444,Drs. Jamil Winarsih,drs..201@gmail.com
D-C1445,Sutan Cawisono Aryani,sutan.778@gmail.com
D-C1446,Najam Kusmawati,najam.482@gmail.com
D-C1447,Okta Nuraini,okta.938@gmail.com
D-C1448,"T. Rusman Anggraini, S.Pt",t..977@gmail.com
D-C1449,Prayoga Nasyidah,prayoga.579@gmail.com
D-C1450,Balidin Zulkarnain,balidin.475@gmail.com
D-C1451,Prayoga Yolanda,prayoga.982@gmail.com
D-C1452,Ira Padmasari,ira.266@gmail.com
D-C1453,dr. Wira Ardianto,dr..686@gmail.com
D-C1454,"Harsanto Haryanti, M.Ak",harsanto.192@gmail.com
D-C1455,Cinthia Yolanda,cinthia.253@gmail.com
D-C1456,"Drs. Farhunnisa Hidayanto, S.E.I",drs..412@gmail.com
D-C1457,Mutia Haryanti,mutia.296@gmail.com
D-C1458,Puti Padma Gunawan,puti.267@gmail.com
D-C1459,H. Ismail Astuti,h..170@gmail.com
D-C1460,Sabar Purwanti,sabar.658@gmail.com
D-C1461,Limar Pradipta,limar.361@gmail.com
D-C1462,Yessi Thamrin,yessi.936@gmail.com
D-C1463,Bahuwirya Wijayanti,bahuwirya.527@gmail.com
D-C1464,T. Endra Yuniar,t..641@gmail.com
D-C1465,Anastasia Hakim,anastasia.245@gmail.com
D-C1466,"Puput Sitompul, S.Gz",puput.113@gmail.com
D-C1467,Wadi Wahyuni,wadi.744@gmail.com
D-C1468,"Tgk. Violet Hastuti, M.TI.",tgk..181@gmail.com
D-C1469,Respati Nuraini,respati.257@gmail.com
D-C1470,Jaswadi Pertiwi,jaswadi.996@gmail.com
D-C1471,Oliva Anggraini,oliva.859@gmail.com
D-C1472,"drg. Zizi Purnawati, M.TI.",drg..325@gmail.com
D-C1473,Ayu Hartati,ayu.372@gmail.com
D-C1474,dr. Malik Sitorus,dr..977@gmail.com
D-C1475,"Dr. Danu Widodo, S.H.",dr..288@gmail.com
D-C1476,Syahrini Purwanti,syahrini.571@gmail.com
D-C1477,"Drs. Prasetyo Rahmawati, S.IP",drs..567@gmail.com
D-C1478,Rahmat Sihotang,rahmat.410@gmail.com
D-C1479,Violet Adriansyah,violet.793@gmail.com
D-C1480,"Dr. Dinda Putra, M.Kom.",dr..166@gmail.com
D-C1481,R. Queen Aryani,r..425@gmail.com
D-C1482,"Mulyanto Firgantoro, S.Gz",mulyanto.179@gmail.com
D-C1483,"Dr. Pandu Wastuti, M.Kom.",dr..516@gmail.com
D-C1484,Mahmud Situmorang,mahmud.927@gmail.com
D-C1485,"Tgk. Dian Usamah, S.Pt",tgk..387@gmail.com
D-C1486,Yosef Prakasa,yosef.835@gmail.com
D-C1487,"Alika Nababan, S.I.Kom",alika.224@gmail.com
D-C1488,"Galang Nasyiah, S.Farm",galang.376@gmail.com
D-C1489,"dr. Murti Nurdiyanti, S.E.",dr..161@gmail.com
D-C1490,Drs. Olivia Siregar,drs..120@gmail.com
D-C1491,"Farhunnisa Palastri, M.Ak",farhunnisa.737@gmail.com
D-C1492,Zalindra Maheswara,zalindra.289@gmail.com
D-C1493,Ibrani Laksita,ibrani.519@gmail.com
D-C1494,Waluyo Safitri,waluyo.318@gmail.com
D-C1495,R. Mursita Pertiwi,r..250@gmail.com
D-C1496,Sabri Melani,sabri.488@gmail.com
D-C1497,Kanda Jailani,kanda.738@gmail.com
D-C1498,Cengkal Winarsih,cengkal.884@gmail.com
D-C1499,"Puti Humaira Mardhiyah, S.Psi",puti.982@gmail.com
D-C1500,Jumari Sirait,jumari.553@gmail.com
D-C1501,Cahyadi Hutagalung,cahyadi.102@gmail.com
D-C1502,Hana Sudiati,hana.780@gmail.com
D-C1503,Puti Mala Pangestu,puti.898@gmail.com
D-C1504,Karya Simanjuntak,karya.867@gmail.com
D-C1505,Parman Mardhiyah,parman.490@gmail.com
D-C1506,Umar Prayoga,umar.693@gmail.com
D-C1507,Koko Hidayat,koko.185@gmail.com
D-C1508,Umay Latupono,umay.422@gmail.com
D-C1509,Zamira Nashiruddin,zamira.482@gmail.com
D-C1510,"Ir. Sarah Aryani, S.IP",ir..354@gmail.com
D-C1511,Ika Waskita,ika.907@gmail.com
D-C1512,"Dr. Widya Hidayanto, S.Psi",dr..264@gmail.com
D-C1513,"Ida Kusumo, M.Kom.",ida.925@gmail.com
D-C1514,"Raharja Mansur, S.I.Kom",raharja.730@gmail.com
D-C1515,"Drs. Jarwa Hutapea, S.Kom",drs..345@gmail.com
D-C1516,"Agnes Hutasoit, M.M.",agnes.667@gmail.com
D-C1517,Devi Hutasoit,devi.623@gmail.com
D-C1518,Fathonah Samosir,fathonah.834@gmail.com
D-C1519,Hj. Suci Winarno,hj..994@gmail.com
D-C1520,Maria Uyainah,maria.483@gmail.com
D-C1521,Budi Oktaviani,budi.589@gmail.com
D-C1522,Nova Narpati,nova.262@gmail.com
D-C1523,Cinta Suwarno,cinta.896@gmail.com
D-C1524,Laswi Gunawan,laswi.272@gmail.com
D-C1525,"R.A. Hilda Pradana, S.I.Kom",r.a..831@gmail.com
D-C1526,Devi Agustina,devi.443@gmail.com
D-C1527,Langgeng Rahimah,langgeng.438@gmail.com
D-C1528,Zalindra Halimah,zalindra.923@gmail.com
D-C1529,Sutan Darijan Wastuti,sutan.447@gmail.com
D-C1530,"Kania Padmasari, S.Pd",kania.947@gmail.com
D-C1531,"Zaenab Yulianti, S.I.Kom",zaenab.392@gmail.com
D-C1532,Shania Fujiati,shania.871@gmail.com
D-C1533,Padma Agustina,padma.349@gmail.com
D-C1534,Gawati Wibowo,gawati.462@gmail.com
D-C1535,Adhiarja Hakim,adhiarja.741@gmail.com
D-C1536,Ghaliyati Irawan,ghaliyati.498@gmail.com
D-C1537,"Dian Sihombing, S.Ked",dian.659@gmail.com
D-C1538,Jayadi Hassanah,jayadi.186@gmail.com
D-C1539,Aurora Dongoran,aurora.150@gmail.com
D-C1540,"Kemal Farida, M.Kom.",kemal.182@gmail.com
D-C1541,Ade Tampubolon,ade.183@gmail.com
D-C1542,Irnanto Permata,irnanto.439@gmail.com
D-C1543,Hesti Andriani,hesti.421@gmail.com
D-C1544,Adhiarja Nurdiyanti,adhiarja.887@gmail.com
D-C1545,"Cahyadi Melani, S.E.I",cahyadi.978@gmail.com
D-C1546,Kadir Wibowo,kadir.672@gmail.com
D-C1547,Raden Megantara,raden.522@gmail.com
D-C1548,Dian Usamah,dian.883@gmail.com
D-C1549,Ir. Cindy Mardhiyah,ir..342@gmail.com
D-C1550,Jelita Pertiwi,jelita.170@gmail.com
D-C1551,dr. Lala Mustofa,dr..122@gmail.com
D-C1552,Atma Hartati,atma.871@gmail.com
D-C1553,Radit Wibowo,radit.912@gmail.com
D-C1554,Ghaliyati Utami,ghaliyati.671@gmail.com
D-C1555,"Dr. Puspa Riyanti, S.Kom",dr..712@gmail.com
D-C1556,"Maya Pertiwi, S.Sos",maya.229@gmail.com
D-C1557,Ajeng Palastri,ajeng.414@gmail.com
D-C1558,"dr. Kairav Simanjuntak, S.IP",dr..787@gmail.com
D-C1559,"Aisyah Utami, M.Kom.",aisyah.331@gmail.com
D-C1560,"Cut Zalindra Sinaga, M.Kom.",cut.722@gmail.com
D-C1561,"Hj. Clara Halimah, S.Gz",hj..180@gmail.com
D-C1562,"Sutan Darmaji Tamba, M.Ak",sutan.983@gmail.com
D-C1563,Syahrini Maheswara,syahrini.380@gmail.com
D-C1564,"Puput Maryati, M.TI.",puput.902@gmail.com
D-C1565,Cengkir Zulaika,cengkir.589@gmail.com
D-C1566,"Irwan Marbun, M.M.",irwan.418@gmail.com
D-C1567,Puti Cornelia Siregar,puti.440@gmail.com
D-C1568,Hamima Prabowo,hamima.273@gmail.com
D-C1569,"Viman Waskita, S.I.Kom",viman.931@gmail.com
D-C1570,Pia Ramadan,pia.496@gmail.com
D-C1571,"Puti Sadina Firgantoro, S.Gz",puti.214@gmail.com
D-C1572,Novi Zulaika,novi.664@gmail.com
D-C1573,T. Daniswara Latupono,t..835@gmail.com
D-C1574,"R.A. Safina Rahimah, S.T.",r.a..157@gmail.com
D-C1575,Balidin Maheswara,balidin.557@gmail.com
D-C1576,Maria Pangestu,maria.209@gmail.com
D-C1577,drg. Oliva Budiman,drg..497@gmail.com
D-C1578,Dr. Iriana Widiastuti,dr..526@gmail.com
D-C1579,Daniswara Saputra,daniswara.118@gmail.com
D-C1580,Tirta Mustofa,tirta.664@gmail.com
D-C1581,Kamidin Lazuardi,kamidin.268@gmail.com
D-C1582,"T. Adika Wijaya, M.M.",t..737@gmail.com
D-C1583,"Aditya Agustina, S.Pd",aditya.149@gmail.com
D-C1584,Purwanto Utami,purwanto.759@gmail.com
D-C1585,Belinda Nababan,belinda.419@gmail.com
D-C1586,Olga Permadi,olga.949@gmail.com
D-C1587,Humaira Sirait,humaira.823@gmail.com
D-C1588,Ika Firgantoro,ika.178@gmail.com
D-C1589,Citra Nasyiah,citra.917@gmail.com
D-C1590,Kasiran Namaga,kasiran.104@gmail.com
D-C1591,Betania Winarno,betania.122@gmail.com
D-C1592,Jamal Marpaung,jamal.563@gmail.com
D-C1593,Dt. Kamal Mandasari,dt..218@gmail.com
D-C1594,"Empluk Prastuti, S.Sos",empluk.309@gmail.com
D-C1595,Latika Puspita,latika.905@gmail.com
D-C1596,Mulyono Hidayanto,mulyono.652@gmail.com
D-C1597,Manah Rahimah,manah.309@gmail.com
D-C1598,"Galang Prabowo, S.Sos",galang.535@gmail.com
D-C1599,Raden Sihombing,raden.204@gmail.com
D-C1600,Tri Maryati,tri.794@gmail.com
D-C1601,Nasim Puspasari,nasim.465@gmail.com
D-C1602,Jarwa Sirait,jarwa.380@gmail.com
D-C1603,Ira Manullang,ira.242@gmail.com
D-C1604,"R.A. Elisa Wasita, S.E.I",r.a..763@gmail.com
D-C1605,Dt. Lanjar Prasetyo,dt..153@gmail.com
D-C1606,"R.A. Hani Pertiwi, S.Farm",r.a..797@gmail.com
D-C1607,Aurora Prayoga,aurora.320@gmail.com
D-C1608,KH. Danuja Permadi,kh..505@gmail.com
D-C1609,Ir. Winda Marpaung,ir..993@gmail.com
D-C1610,"Fitriani Mansur, S.H.",fitriani.644@gmail.com
D-C1611,R. Winda Oktaviani,r..789@gmail.com
D-C1612,Yunita Ardianto,yunita.352@gmail.com
D-C1613,Kartika Mahendra,kartika.349@gmail.com
D-C1614,"Edward Kuswandari, M.Ak",edward.127@gmail.com
D-C1615,Dt. Karna Nurdiyanti,dt..321@gmail.com
D-C1616,R. Jelita Lestari,r..843@gmail.com
D-C1617,"Hj. Dina Firmansyah, M.Ak",hj..679@gmail.com
D-C1618,"Drs. Titi Hakim, M.TI.",drs..464@gmail.com
D-C1619,"Kania Rajata, S.T.",kania.280@gmail.com
D-C1620,dr. Tania Prasetyo,dr..891@gmail.com
D-C1621,"drg. Maya Saptono, S.E.",drg..583@gmail.com
D-C1622,dr. Najib Widodo,dr..550@gmail.com
D-C1623,Jaga Suartini,jaga.230@gmail.com
D-C1624,Hj. Sadina Wasita,hj..219@gmail.com
D-C1625,Lala Maheswara,lala.193@gmail.com
D-C1626,drg. Natalia Sudiati,drg..243@gmail.com
D-C1627,"Garda Purwanti, M.Pd",garda.245@gmail.com
D-C1628,"Cecep Utama, M.TI.",cecep.987@gmail.com
D-C1629,Wardi Hidayanto,wardi.889@gmail.com
D-C1630,Marwata Agustina,marwata.286@gmail.com
D-C1631,"R. Gambira Damanik, M.Farm",r..928@gmail.com
D-C1632,Umaya Ramadan,umaya.108@gmail.com
D-C1633,Sutan Gandewa Usada,sutan.816@gmail.com
D-C1634,"Bella Nababan, S.Gz",bella.397@gmail.com
D-C1635,"dr. Kayun Sudiati, S.Sos",dr..239@gmail.com
D-C1636,Salman Anggriawan,salman.940@gmail.com
D-C1637,R. Usyi Firmansyah,r..645@gmail.com
D-C1638,"R. Amelia Mangunsong, M.M.",r..443@gmail.com
D-C1639,"R. Nova Najmudin, S.E.I",r..766@gmail.com
D-C1640,Karja Safitri,karja.485@gmail.com
D-C1641,Hamima Thamrin,hamima.456@gmail.com
D-C1642,"drg. Cornelia Hariyah, S.Pd",drg..751@gmail.com
D-C1643,Maimunah Saefullah,maimunah.504@gmail.com
D-C1644,Daliman Safitri,daliman.238@gmail.com
D-C1645,Dalima Uyainah,dalima.145@gmail.com
D-C1646,Melinda Hartati,melinda.951@gmail.com
D-C1647,Argono Saefullah,argono.861@gmail.com
D-C1648,"Ir. Vino Irawan, S.I.Kom",ir..878@gmail.com
D-C1649,Hendra Kuswoyo,hendra.498@gmail.com
D-C1650,Daruna Mulyani,daruna.889@gmail.com
D-C1651,Uda Astuti,uda.978@gmail.com
D-C1652,R. Winda Wibowo,r..284@gmail.com
D-C1653,"KH. Aswani Dabukke, S.IP",kh..462@gmail.com
D-C1654,Rizki Mandasari,rizki.993@gmail.com
D-C1655,drg. Lili Wahyuni,drg..534@gmail.com
D-C1656,Nyoman Hutapea,nyoman.785@gmail.com
D-C1657,Dt. Elvin Latupono,dt..149@gmail.com
D-C1658,Kani Rahimah,kani.396@gmail.com
D-C1659,"Eka Rajasa, M.Kom.",eka.721@gmail.com
D-C1660,Galar Hastuti,galar.379@gmail.com
D-C1661,Maryadi Mardhiyah,maryadi.368@gmail.com
D-C1662,"Cager Thamrin, M.Pd",cager.986@gmail.com
D-C1663,Drs. Jessica Winarsih,drs..826@gmail.com
D-C1664,Victoria Hastuti,victoria.802@gmail.com
D-C1665,Eja Winarsih,eja.884@gmail.com
D-C1666,Ismail Wijayanti,ismail.237@gmail.com
D-C1667,"R.M. Sakti Prasasta, S.E.",r.m..714@gmail.com
D-C1668,Nurul Wijaya,nurul.995@gmail.com
D-C1669,Rahman Nuraini,rahman.934@gmail.com
D-C1670,"Amalia Suryono, S.Pt",amalia.911@gmail.com
D-C1671,"Nadine Nainggolan, M.Pd",nadine.925@gmail.com
D-C1672,Laila Prasetya,laila.310@gmail.com
D-C1673,"Vero Situmorang, S.Pd",vero.905@gmail.com
D-C1674,Cawisadi Lailasari,cawisadi.642@gmail.com
D-C1675,Iriana Mahendra,iriana.250@gmail.com
D-C1676,"R. Eli Hartati, S.Gz",r..947@gmail.com
D-C1677,T. Joko Prabowo,t..912@gmail.com
D-C1678,"Hadi Marpaung, S.Gz",hadi.438@gmail.com
D-C1679,Bancar Maryadi,bancar.996@gmail.com
D-C1680,Dirja Mandala,dirja.231@gmail.com
D-C1681,"Heru Hutasoit, S.Gz",heru.159@gmail.com
D-C1682,Perkasa Rajata,perkasa.963@gmail.com
D-C1683,Siti Pudjiastuti,siti.332@gmail.com
D-C1684,"R.M. Yosef Rahimah, M.Pd",r.m..992@gmail.com
D-C1685,"Tina Pradana, M.M.",tina.418@gmail.com
D-C1686,Janet Saptono,janet.403@gmail.com
D-C1687,"H. Jarwi Suryatmi, S.E.",h..878@gmail.com
D-C1688,Natalia Waskita,natalia.124@gmail.com
D-C1689,Tania Sihotang,tania.274@gmail.com
D-C1690,"Banawa Laksmiwati, S.Kom",banawa.454@gmail.com
D-C1691,Tgk. Keisha Hutagalung,tgk..915@gmail.com
D-C1692,Dr. Luwes Wahyudin,dr..158@gmail.com
D-C1693,Umar Irawan,umar.982@gmail.com
D-C1694,Artawan Setiawan,artawan.377@gmail.com
D-C1695,Diana Adriansyah,diana.519@gmail.com
D-C1696,Endah Kuswandari,endah.508@gmail.com
D-C1697,Balangga Hidayanto,balangga.313@gmail.com
D-C1698,"Cinthia Waskita, S.Psi",cinthia.714@gmail.com
D-C1699,Padmi Situmorang,padmi.934@gmail.com
D-C1700,"Cornelia Santoso, M.Kom.",cornelia.124@gmail.com
D-C1701,Vero Suryono,vero.282@gmail.com
D-C1702,Raihan Wahyuni,raihan.725@gmail.com
D-C1703,Kemba Irawan,kemba.509@gmail.com
D-C1704,Salsabila Wibisono,salsabila.828@gmail.com
D-C1705,Tgk. Harsaya Anggraini,tgk..332@gmail.com
D-C1706,Ir. Prayogo Suryatmi,ir..228@gmail.com
D-C1707,Sadina Hidayanto,sadina.134@gmail.com
D-C1708,"Luluh Anggriawan, S.Pt",luluh.377@gmail.com
D-C1709,Eko Widodo,eko.509@gmail.com
D-C1710,"R.M. Baktiono Hastuti, S.Pd",r.m..382@gmail.com
D-C1711,Melinda Simbolon,melinda.705@gmail.com
D-C1712,"Usyi Pratiwi, S.Farm",usyi.832@gmail.com
D-C1713,R. Tania Ardianto,r..971@gmail.com
D-C1714,Jindra Suartini,jindra.589@gmail.com
D-C1715,drg. Anom Uwais,drg..298@gmail.com
D-C1716,Kayun Prabowo,kayun.992@gmail.com
D-C1717,R. Bakijan Lailasari,r..713@gmail.com
D-C1718,"Jail Hasanah, S.Kom",jail.435@gmail.com
D-C1719,Kayla Waskita,kayla.183@gmail.com
D-C1720,Halima Marbun,halima.122@gmail.com
D-C1721,Viman Mustofa,viman.670@gmail.com
D-C1722,Yahya Hasanah,yahya.357@gmail.com
D-C1723,"Hj. Yani Saputra, S.IP",hj..701@gmail.com
D-C1724,Dt. Ganep Agustina,dt..919@gmail.com
D-C1725,Arsipatra Hutapea,arsipatra.249@gmail.com
D-C1726,drg. Nabila Handayani,drg..883@gmail.com
D-C1727,Belinda Wasita,belinda.344@gmail.com
D-C1728,"Dt. Sabri Suryatmi, S.E.I",dt..999@gmail.com
D-C1729,Pangestu Rahmawati,pangestu.333@gmail.com
D-C1730,Latif Simbolon,latif.867@gmail.com
D-C1731,Virman Nugroho,virman.306@gmail.com
D-C1732,Farah Yuliarti,farah.418@gmail.com
D-C1733,R.M. Waluyo Haryanti,r.m..250@gmail.com
D-C1734,Cici Nugroho,cici.431@gmail.com
D-C1735,Carub Mahendra,carub.513@gmail.com
D-C1736,Luluh Nuraini,luluh.788@gmail.com
D-C1737,Elon Hastuti,elon.815@gmail.com
D-C1738,Yunita Pradana,yunita.625@gmail.com
D-C1739,Ajeng Lailasari,ajeng.426@gmail.com
D-C1740,"Nabila Nainggolan, M.M.",nabila.806@gmail.com
D-C1741,Rina Narpati,rina.367@gmail.com
D-C1742,Calista Pradipta,calista.252@gmail.com
D-C1743,Mila Marbun,mila.474@gmail.com
D-C1744,Kairav Yulianti,kairav.625@gmail.com
D-C1745,R. Ibrahim Saputra,r..682@gmail.com
D-C1746,"Safina Hidayat, S.Pt",safina.959@gmail.com
D-C1747,"Genta Hasanah, S.E.",genta.797@gmail.com
D-C1748,Anastasia Tamba,anastasia.235@gmail.com
D-C1749,"R. Restu Waluyo, M.Farm",r..622@gmail.com
D-C1750,"Oliva Nugroho, S.Farm",oliva.323@gmail.com
D-C1751,"drg. Sakti Halimah, S.Gz",drg..616@gmail.com
D-C1752,"Cut Hesti Suwarno, S.IP",cut.370@gmail.com
D-C1753,"KH. Artawan Novitasari, M.Pd",kh..861@gmail.com
D-C1754,Tasnim Farida,tasnim.992@gmail.com
D-C1755,"Ir. Zalindra Suartini, S.Pt",ir..763@gmail.com
D-C1756,Febi Pertiwi,febi.425@gmail.com
D-C1757,Harjasa Budiman,harjasa.219@gmail.com
D-C1758,R.A. Rahmi Maryadi,r.a..389@gmail.com
D-C1759,Halima Riyanti,halima.188@gmail.com
D-C1760,Ulya Puspita,ulya.155@gmail.com
D-C1761,T. Emas Wulandari,t..955@gmail.com
D-C1762,"Indah Yulianti, S.I.Kom",indah.706@gmail.com
D-C1763,Nasrullah Melani,nasrullah.648@gmail.com
D-C1764,Cornelia Wijayanti,cornelia.560@gmail.com
D-C1765,Unggul Wahyudin,unggul.592@gmail.com
D-C1766,Dt. Najam Wijaya,dt..167@gmail.com
D-C1767,Dinda Rahmawati,dinda.695@gmail.com
D-C1768,"Sutan Galar Maulana, M.Ak",sutan.395@gmail.com
D-C1769,"Puti Novi Hassanah, S.Sos",puti.908@gmail.com
D-C1770,Diah Wijayanti,diah.603@gmail.com
D-C1771,Maria Zulaika,maria.172@gmail.com
D-C1772,Jaiman Prasetya,jaiman.760@gmail.com
D-C1773,Nilam Puspasari,nilam.635@gmail.com
D-C1774,Sutan Paiman Nashiruddin,sutan.836@gmail.com
D-C1775,"Cut Siska Tarihoran, S.Sos",cut.828@gmail.com
D-C1776,Belinda Jailani,belinda.819@gmail.com
D-C1777,Michelle Maheswara,michelle.764@gmail.com
D-C1778,"Darmanto Pradana, S.Gz",darmanto.810@gmail.com
D-C1779,Danu Mandala,danu.492@gmail.com
D-C1780,Titin Siregar,titin.966@gmail.com
D-C1781,Koko Sitompul,koko.208@gmail.com
D-C1782,"Caraka Sudiati, S.E.I",caraka.821@gmail.com
D-C1783,Sakti Nasyidah,sakti.563@gmail.com
D-C1784,Okto Suryatmi,okto.214@gmail.com
D-C1785,Bajragin Hutagalung,bajragin.457@gmail.com
D-C1786,Hj. Hesti Sitompul,hj..870@gmail.com
D-C1787,Maida Sinaga,maida.714@gmail.com
D-C1788,Karsa Agustina,karsa.105@gmail.com
D-C1789,Wulan Mayasari,wulan.346@gmail.com
D-C1790,"Vega Laksmiwati, M.M.",vega.771@gmail.com
D-C1791,Ratih Riyanti,ratih.309@gmail.com
D-C1792,"KH. Dwi Adriansyah, S.Pt",kh..445@gmail.com
D-C1793,Paramita Januar,paramita.340@gmail.com
D-C1794,Drs. Malika Rahmawati,drs..954@gmail.com
D-C1795,Rahman Hakim,rahman.935@gmail.com
D-C1796,"Ida Yulianti, M.Ak",ida.700@gmail.com
D-C1797,R. Fathonah Suryatmi,r..281@gmail.com
D-C1798,"Kamal Sihombing, S.Pd",kamal.910@gmail.com
D-C1799,Jaeman Mangunsong,jaeman.585@gmail.com
D-C1800,Nilam Hutapea,nilam.453@gmail.com
D-C1801,Paris Kusumo,paris.753@gmail.com
D-C1802,"drg. Hilda Pertiwi, S.Farm",drg..451@gmail.com
D-C1803,Drs. Mursinin Firgantoro,drs..218@gmail.com
D-C1804,Uchita Hidayanto,uchita.728@gmail.com
D-C1805,Ir. Carla Safitri,ir..972@gmail.com
D-C1806,"Puti Yance Prasetyo, S.Sos",puti.365@gmail.com
D-C1807,Shania Lailasari,shania.800@gmail.com
D-C1808,Samiah Simanjuntak,samiah.662@gmail.com
D-C1809,Najwa Mayasari,najwa.402@gmail.com
D-C1810,Irwan Kusumo,irwan.410@gmail.com
D-C1811,Ganda Yolanda,ganda.898@gmail.com
D-C1812,Cinta Nasyiah,cinta.118@gmail.com
D-C1813,Jefri Utami,jefri.952@gmail.com
D-C1814,Kayla Lazuardi,kayla.435@gmail.com
D-C1815,"Paiman Firgantoro, S.Kom",paiman.276@gmail.com
D-C1816,Luhung Prayoga,luhung.242@gmail.com
D-C1817,H. Vero Purwanti,h..180@gmail.com
D-C1818,Vanesa Megantara,vanesa.856@gmail.com
D-C1819,Gaiman Susanti,gaiman.205@gmail.com
D-C1820,Dirja Permata,dirja.373@gmail.com
D-C1821,Tiara Palastri,tiara.455@gmail.com
D-C1822,Joko Sihombing,joko.908@gmail.com
D-C1823,Gandi Uwais,gandi.363@gmail.com
D-C1824,Gabriella Wibisono,gabriella.480@gmail.com
D-C1825,Faizah Mangunsong,faizah.493@gmail.com
D-C1826,Kajen Pradipta,kajen.867@gmail.com
D-C1827,"Liman Pudjiastuti, S.Psi",liman.397@gmail.com
D-C1828,Puti Wulandari,puti.826@gmail.com
D-C1829,Kania Hutasoit,kania.501@gmail.com
D-C1830,"dr. Samiah Puspasari, M.Farm",dr..627@gmail.com
D-C1831,"Embuh Tampubolon, S.H.",embuh.478@gmail.com
D-C1832,Zelaya Hidayat,zelaya.750@gmail.com
D-C1833,"H. Emil Putra, S.H.",h..463@gmail.com
D-C1834,Ratna Mangunsong,ratna.475@gmail.com
D-C1835,Violet Hariyah,violet.329@gmail.com
D-C1836,"Uli Utami, S.Kom",uli.861@gmail.com
D-C1837,Anastasia Suwarno,anastasia.864@gmail.com
D-C1838,Radika Sitorus,radika.147@gmail.com
D-C1839,"drg. Kawaya Pradana, S.T.",drg..393@gmail.com
D-C1840,"dr. Hasna Siregar, M.Kom.",dr..905@gmail.com
D-C1841,"Belinda Nababan, S.Kom",belinda.498@gmail.com
D-C1842,Sari Firmansyah,sari.743@gmail.com
D-C1843,Gaiman Saptono,gaiman.772@gmail.com
D-C1844,"Dr. Prabu Wacana, M.Farm",dr..638@gmail.com
D-C1845,drg. Vanya Purnawati,drg..407@gmail.com
D-C1846,Karimah Widiastuti,karimah.245@gmail.com
D-C1847,Fitriani Latupono,fitriani.510@gmail.com
D-C1848,"dr. Natalia Narpati, S.I.Kom",dr..411@gmail.com
D-C1849,Puti Diah Pranowo,puti.180@gmail.com
D-C1850,Cawuk Hariyah,cawuk.628@gmail.com
D-C1851,Arta Narpati,arta.968@gmail.com
D-C1852,"Ir. Hendra Wijaya, M.Pd",ir..773@gmail.com
D-C1853,"Cawisono Hidayat, S.E.I",cawisono.541@gmail.com
D-C1854,Eva Utami,eva.250@gmail.com
D-C1855,Gilang Mardhiyah,gilang.255@gmail.com
D-C1856,"Dadap Dongoran, S.Psi",dadap.133@gmail.com
D-C1857,"Kusuma Handayani, M.M.",kusuma.261@gmail.com
D-C1858,Fitriani Puspasari,fitriani.653@gmail.com
D-C1859,"Puji Winarno, S.Pt",puji.630@gmail.com
D-C1860,"Drs. Raina Purwanti, S.Gz",drs..684@gmail.com
D-C1861,"Diah Hutasoit, S.I.Kom",diah.106@gmail.com
D-C1862,Kamaria Melani,kamaria.429@gmail.com
D-C1863,Darman Lestari,darman.683@gmail.com
D-C1864,"Johan Rahmawati, M.Kom.",johan.973@gmail.com
D-C1865,Kania Ardianto,kania.364@gmail.com
D-C1866,"Ir. Citra Firgantoro, S.Psi",ir..786@gmail.com
D-C1867,Ella Wahyuni,ella.303@gmail.com
D-C1868,Ir. Kemal Sudiati,ir..796@gmail.com
D-C1869,"Dr. Bagas Tampubolon, S.T.",dr..871@gmail.com
D-C1870,"Cut Vanesa Fujiati, S.IP",cut.558@gmail.com
D-C1871,Tgk. Kezia Haryanto,tgk..765@gmail.com
D-C1872,Amalia Prabowo,amalia.642@gmail.com
D-C1873,"Tgk. Mila Oktaviani, S.E.",tgk..711@gmail.com
D-C1874,Ani Siregar,ani.837@gmail.com
D-C1875,Padmi Mandala,padmi.809@gmail.com
D-C1876,Jasmani Nugroho,jasmani.342@gmail.com
D-C1877,"Nasrullah Gunarto, M.M.",nasrullah.115@gmail.com
D-C1878,Titin Prastuti,titin.863@gmail.com
D-C1879,Nurul Nugroho,nurul.529@gmail.com
D-C1880,Maryadi Mandasari,maryadi.340@gmail.com
D-C1881,Drs. Limar Melani,drs..267@gmail.com
D-C1882,Gaman Sihotang,gaman.420@gmail.com
D-C1883,Ratih Dongoran,ratih.883@gmail.com
D-C1884,Carla Yuniar,carla.141@gmail.com
D-C1885,KH. Galur Suartini,kh..236@gmail.com
D-C1886,"T. Marsito Pangestu, S.Ked",t..862@gmail.com
D-C1887,Respati Safitri,respati.484@gmail.com
D-C1888,Balangga Lestari,balangga.238@gmail.com
D-C1889,Luwes Riyanti,luwes.464@gmail.com
D-C1890,Aditya Pratiwi,aditya.265@gmail.com
D-C1891,"Hj. Wulan Wijayanti, S.T.",hj..175@gmail.com
D-C1892,"T. Gangsar Marpaung, S.Farm",t..548@gmail.com
D-C1893,Humaira Rajata,humaira.691@gmail.com
D-C1894,Drs. Latika Laksmiwati,drs..335@gmail.com
D-C1895,dr. Estiono Megantara,dr..738@gmail.com
D-C1896,Calista Winarsih,calista.743@gmail.com
D-C1897,"Viman Yulianti, M.TI.",viman.140@gmail.com
D-C1898,Ganep Nainggolan,ganep.579@gmail.com
D-C1899,H. Raihan Prakasa,h..175@gmail.com
D-C1900,R.M. Mustofa Maheswara,r.m..777@gmail.com
D-C1901,"Queen Mustofa, S.IP",queen.887@gmail.com
D-C1902,Endah Ramadan,endah.614@gmail.com
D-C1903,Ghani Nuraini,ghani.799@gmail.com
D-C1904,Dr. Syahrini Saptono,dr..332@gmail.com
D-C1905,"Wage Wasita, S.Gz",wage.686@gmail.com
D-C1906,Endah Mangunsong,endah.104@gmail.com
D-C1907,"Dr. Keisha Winarsih, S.Gz",dr..713@gmail.com
D-C1908,Ella Oktaviani,ella.441@gmail.com
D-C1909,"Kunthara Wahyudin, M.Pd",kunthara.483@gmail.com
D-C1910,Titi Uwais,titi.550@gmail.com
D-C1911,Dt. Tedi Hutapea,dt..189@gmail.com
D-C1912,"Rahmi Tamba, S.Sos",rahmi.109@gmail.com
D-C1913,"Padmi Astuti, M.Pd",padmi.391@gmail.com
D-C1914,R.M. Mulyanto Nasyidah,r.m..213@gmail.com
D-C1915,Dr. Najib Napitupulu,dr..721@gmail.com
D-C1916,Julia Permata,julia.987@gmail.com
D-C1917,Tgk. Puji Pertiwi,tgk..995@gmail.com
D-C1918,drg. Tiara Prayoga,drg..129@gmail.com
D-C1919,Yunita Budiman,yunita.824@gmail.com
D-C1920,"Dr. Raden Pradana, S.I.Kom",dr..953@gmail.com
D-C1921,Maida Manullang,maida.575@gmail.com
D-C1922,Kiandra Iswahyudi,kiandra.691@gmail.com
D-C1923,Maida Hariyah,maida.232@gmail.com
D-C1924,Drs. Winda Marpaung,drs..561@gmail.com
D-C1925,Zamira Waskita,zamira.336@gmail.com
D-C1926,"R. Karsana Habibi, S.Gz",r..667@gmail.com
D-C1927,"Ir. Yusuf Hutagalung, S.Sos",ir..946@gmail.com
D-C1928,Qori Fujiati,qori.123@gmail.com
D-C1929,Tania Pangestu,tania.755@gmail.com
D-C1930,Widya Farida,widya.977@gmail.com
D-C1931,Siska Yolanda,siska.263@gmail.com
D-C1932,Yuliana Mahendra,yuliana.821@gmail.com
D-C1933,"Limar Ramadan, S.T.",limar.641@gmail.com
D-C1934,Tasdik Permata,tasdik.631@gmail.com
D-C1935,Wira Prasasta,wira.570@gmail.com
D-C1936,"Tgk. Karimah Purwanti, S.Ked",tgk..896@gmail.com
D-C1937,Clara Hutasoit,clara.769@gmail.com
D-C1938,Upik Sitompul,upik.553@gmail.com
D-C1939,Septi Sihombing,septi.352@gmail.com
D-C1940,Ridwan Kuswandari,ridwan.939@gmail.com
D-C1941,Yance Wulandari,yance.480@gmail.com
D-C1942,Mulya Jailani,mulya.248@gmail.com
D-C1943,Maman Natsir,maman.615@gmail.com
D-C1944,Cut Puput Kurniawan,cut.724@gmail.com
D-C1945,Mahesa Nababan,mahesa.436@gmail.com
D-C1946,Adikara Usada,adikara.220@gmail.com
D-C1947,"R. Vanya Yulianti, M.Farm",r..168@gmail.com
D-C1948,Anastasia Zulkarnain,anastasia.404@gmail.com
D-C1949,"Damu Firgantoro, M.Kom.",damu.247@gmail.com
D-C1950,Kardi Permadi,kardi.443@gmail.com
D-C1951,Febi Safitri,febi.254@gmail.com
D-C1952,"Endah Mardhiyah, M.Kom.",endah.174@gmail.com
D-C1953,dr. Paiman Simanjuntak,dr..161@gmail.com
D-C1954,Diana Rajata,diana.424@gmail.com
D-C1955,Icha Maryadi,icha.848@gmail.com
D-C1956,Cornelia Firmansyah,cornelia.456@gmail.com
D-C1957,"drg. Intan Saputra, S.Psi",drg..365@gmail.com
D-C1958,"Dr. Balangga Pudjiastuti, S.IP",dr..800@gmail.com
D-C1959,"Dr. Yani Wulandari, S.Kom",dr..865@gmail.com
D-C1960,"Tgk. Damu Habibi, S.Psi",tgk..935@gmail.com
D-C1961,Parman Pranowo,parman.731@gmail.com
D-C1962,"Balidin Dabukke, M.Farm",balidin.109@gmail.com
D-C1963,Hasim Permata,hasim.245@gmail.com
D-C1964,"Tari Sihotang, S.Pt",tari.730@gmail.com
D-C1965,Intan Hastuti,intan.818@gmail.com
D-C1966,Kanda Suwarno,kanda.208@gmail.com
D-C1967,Wasis Firmansyah,wasis.420@gmail.com
D-C1968,"Rosman Saragih, S.Ked",rosman.806@gmail.com
D-C1969,"Mala Pradipta, S.H.",mala.569@gmail.com
D-C1970,Tomi Laksita,tomi.142@gmail.com
D-C1971,Jane Hutapea,jane.114@gmail.com
D-C1972,Slamet Laksmiwati,slamet.216@gmail.com
D-C1973,"Elma Pratiwi, S.E.",elma.804@gmail.com
D-C1974,"Tgk. Wirda Hartati, S.Pd",tgk..551@gmail.com
D-C1975,Mitra Rahayu,mitra.216@gmail.com
D-C1976,Drs. Pangestu Hasanah,drs..609@gmail.com
D-C1977,Aisyah Fujiati,aisyah.316@gmail.com
D-C1978,Genta Ramadan,genta.857@gmail.com
D-C1979,Aurora Mustofa,aurora.267@gmail.com
D-C1980,Wadi Hasanah,wadi.444@gmail.com
D-C1981,Harsana Situmorang,harsana.794@gmail.com
D-C1982,Martana Susanti,martana.566@gmail.com
D-C1983,"Ir. Jinawi Simbolon, M.TI.",ir..679@gmail.com
D-C1984,Latif Rajata,latif.861@gmail.com
D-C1985,"Dadi Pudjiastuti, S.E.I",dadi.339@gmail.com
D-C1986,Citra Nainggolan,citra.848@gmail.com
D-C1987,Wira Mardhiyah,wira.485@gmail.com
D-C1988,Irma Dongoran,irma.722@gmail.com
D-C1989,Laksana Tampubolon,laksana.230@gmail.com
D-C1990,Samiah Sinaga,samiah.577@gmail.com
D-C1991,R. Restu Kuswoyo,r..474@gmail.com
D-C1992,"Umi Prasetya, S.E.I",umi.187@gmail.com
D-C1993,"H. Naradi Wahyuni, S.E.I",h..139@gmail.com
D-C1994,Putri Purwanti,putri.858@gmail.com
D-C1995,Syahrini Putra,syahrini.344@gmail.com
D-C1996,Prasetya Hutapea,prasetya.966@gmail.com
D-C1997,Aisyah Marpaung,aisyah.654@gmail.com
D-C1998,Carla Hariyah,carla.215@gmail.com
D-C1999,"Maida Fujiati, M.TI.",maida.539@gmail.com
D-C2000,Gina Latupono,gina.231@gmail.com
D-C2001,Samsul Nashiruddin,samsul.757@gmail.com
D-C2002,Edi Wibowo,edi.439@gmail.com
D-C2003,Hilda Sitorus,hilda.727@gmail.com
D-C2004,"Rahmi Suryatmi, S.Pd",rahmi.780@gmail.com
D-C2005,Taswir Permadi,taswir.667@gmail.com
D-C2006,Langgeng Hutapea,langgeng.624@gmail.com
D-C2007,"Bella Mangunsong, M.M.",bella.411@gmail.com
D-C2008,Wakiman Pratiwi,wakiman.727@gmail.com
D-C2009,Darmaji Sitompul,darmaji.993@gmail.com
D-C2010,Puti Vanesa Setiawan,puti.256@gmail.com
D-C2011,H. Respati Uyainah,h..430@gmail.com
D-C2012,"KH. Martaka Widiastuti, S.Pd",kh..640@gmail.com
D-C2013,Taufan Sitompul,taufan.192@gmail.com
D-C2014,Ina Nugroho,ina.744@gmail.com
D-C2015,Atmaja Firmansyah,atmaja.130@gmail.com
D-C2016,"Drs. Anita Nasyidah, S.T.",drs..296@gmail.com
D-C2017,"Wakiman Yuliarti, S.IP",wakiman.762@gmail.com
D-C2018,Fitriani Fujiati,fitriani.697@gmail.com
D-C2019,Rizki Anggriawan,rizki.973@gmail.com
D-C2020,dr. Hadi Agustina,dr..584@gmail.com
D-C2021,Tgk. Gasti Jailani,tgk..718@gmail.com
D-C2022,Najwa Situmorang,najwa.514@gmail.com
D-C2023,"Dt. Raden Suwarno, M.Pd",dt..933@gmail.com
D-C2024,Daruna Hardiansyah,daruna.433@gmail.com
D-C2025,Margana Mulyani,margana.548@gmail.com
D-C2026,Prayoga Ardianto,prayoga.345@gmail.com
D-C2027,"Narji Najmudin, M.M.",narji.982@gmail.com
D-C2028,T. Balijan Yolanda,t..230@gmail.com
D-C2029,Viman Hutagalung,viman.153@gmail.com
D-C2030,"T. Narji Mandasari, S.E.I",t..105@gmail.com
D-C2031,Kiandra Sihombing,kiandra.354@gmail.com
D-C2032,Dr. Uli Prasetya,dr..186@gmail.com
D-C2033,Galiono Saptono,galiono.402@gmail.com
D-C2034,"drg. Lili Wijayanti, M.TI.",drg..778@gmail.com
D-C2035,"Sutan Rosman Situmorang, M.M.",sutan.887@gmail.com
D-C2036,Uli Usamah,uli.300@gmail.com
D-C2037,Uchita Permadi,uchita.138@gmail.com
D-C2038,drg. Aurora Samosir,drg..537@gmail.com
D-C2039,R.A. Belinda Wibisono,r.a..892@gmail.com
D-C2040,Ajeng Ardianto,ajeng.182@gmail.com
D-C2041,Darimin Waskita,darimin.480@gmail.com
D-C2042,Maras Dabukke,maras.453@gmail.com
D-C2043,Unjani Damanik,unjani.305@gmail.com
D-C2044,T. Atma Prasetyo,t..535@gmail.com
D-C2045,Faizah Wahyuni,faizah.314@gmail.com
D-C2046,"Cakrawala Irawan, S.Sos",cakrawala.796@gmail.com
D-C2047,Karen Sihombing,karen.308@gmail.com
D-C2048,"KH. Jatmiko Samosir, S.Ked",kh..182@gmail.com
D-C2049,"Drs. Zamira Safitri, S.Psi",drs..792@gmail.com
D-C2050,R.A. Talia Setiawan,r.a..146@gmail.com
D-C2051,Dian Nashiruddin,dian.600@gmail.com
D-C2052,"Hj. Anastasia Marpaung, S.H.",hj..609@gmail.com
D-C2053,Lanjar Samosir,lanjar.152@gmail.com
D-C2054,Paris Safitri,paris.142@gmail.com
D-C2055,Tania Suartini,tania.639@gmail.com
D-C2056,Zelaya Gunarto,zelaya.146@gmail.com
D-C2057,"Fathonah Anggraini, S.Pd",fathonah.495@gmail.com
D-C2058,Ayu Kusmawati,ayu.834@gmail.com
D-C2059,"Ir. Suci Lestari, S.H.",ir..959@gmail.com
D-C2060,Gawati Susanti,gawati.998@gmail.com
D-C2061,"R.M. Artawan Usamah, M.M.",r.m..621@gmail.com
D-C2062,Dimas Januar,dimas.291@gmail.com
D-C2063,R. Usyi Suryatmi,r..171@gmail.com
D-C2064,Garan Wahyudin,garan.390@gmail.com
D-C2065,"Drs. Amelia Hartati, S.H.",drs..941@gmail.com
D-C2066,"Ega Nurdiyanti, S.E.I",ega.560@gmail.com
D-C2067,Reza Anggriawan,reza.737@gmail.com
D-C2068,Victoria Nasyiah,victoria.869@gmail.com
D-C2069,Darijan Prasetya,darijan.334@gmail.com
D-C2070,"Lembah Ramadan, S.E.",lembah.162@gmail.com
D-C2071,Eko Hutagalung,eko.328@gmail.com
D-C2072,"Himawan Pradana, S.Kom",himawan.745@gmail.com
D-C2073,Puti Fitriani Situmorang,puti.712@gmail.com
D-C2074,Cakrabirawa Mayasari,cakrabirawa.296@gmail.com
D-C2075,"dr. Fitriani Mansur, M.Pd",dr..878@gmail.com
D-C2076,"Narji Purnawati, S.Sos",narji.588@gmail.com
D-C2077,"drg. Clara Hakim, S.Ked",drg..663@gmail.com
D-C2078,Omar Setiawan,omar.139@gmail.com
D-C2079,"T. Embuh Susanti, M.Farm",t..643@gmail.com
D-C2080,Cut Sabrina Widiastuti,cut.665@gmail.com
D-C2081,"Ajimat Rahayu, S.Gz",ajimat.537@gmail.com
D-C2082,"R. Satya Ardianto, S.Pd",r..298@gmail.com
D-C2083,Tgk. Nilam Manullang,tgk..503@gmail.com
D-C2084,"Eva Suryono, S.T.",eva.388@gmail.com
D-C2085,Jarwa Safitri,jarwa.607@gmail.com
D-C2086,Lukman Kusumo,lukman.470@gmail.com
D-C2087,"Dr. Rika Anggraini, M.TI.",dr..392@gmail.com
D-C2088,"Ir. Kiandra Hidayanto, S.H.",ir..113@gmail.com
D-C2089,Yessi Wahyudin,yessi.317@gmail.com
D-C2090,"dr. Cawuk Lailasari, M.Kom.",dr..851@gmail.com
D-C2091,Jabal Namaga,jabal.924@gmail.com
D-C2092,Cahyanto Mangunsong,cahyanto.328@gmail.com
D-C2093,Martani Irawan,martani.200@gmail.com
D-C2094,Cinta Prakasa,cinta.120@gmail.com
D-C2095,Kanda Santoso,kanda.912@gmail.com
D-C2096,KH. Pandu Uwais,kh..685@gmail.com
D-C2097,Kenzie Prasasta,kenzie.717@gmail.com
D-C2098,Mutia Wahyudin,mutia.340@gmail.com
D-C2099,Maryadi Lestari,maryadi.604@gmail.com
D-C2100,Ana Wasita,ana.628@gmail.com
D-C2101,Drs. Maryanto Pratama,drs..893@gmail.com
D-C2102,Rahmi Purnawati,rahmi.952@gmail.com
D-C2103,Kadir Widiastuti,kadir.684@gmail.com
D-C2104,R.A. Juli Saptono,r.a..515@gmail.com
D-C2105,Hardana Saefullah,hardana.439@gmail.com
D-C2106,Enteng Nuraini,enteng.417@gmail.com
D-C2107,Hj. Eva Mayasari,hj..614@gmail.com
D-C2108,KH. Manah Hakim,kh..338@gmail.com
D-C2109,Zaenab Suryono,zaenab.194@gmail.com
D-C2110,Gara Mandala,gara.336@gmail.com
D-C2111,Yono Prastuti,yono.490@gmail.com
D-C2112,Gandewa Januar,gandewa.868@gmail.com
D-C2113,Nabila Thamrin,nabila.198@gmail.com
D-C2114,"Edi Anggraini, M.TI.",edi.145@gmail.com
D-C2115,"R. Gina Nasyidah, S.E.",r..580@gmail.com
D-C2116,Gadang Sihombing,gadang.814@gmail.com
D-C2117,"Asman Widiastuti, S.E.I",asman.245@gmail.com
D-C2118,"Dt. Atmaja Anggraini, S.Sos",dt..574@gmail.com
D-C2119,Ir. Jono Kusmawati,ir..274@gmail.com
D-C2120,Dalima Rahmawati,dalima.620@gmail.com
D-C2121,"Warsa Hidayat, M.M.",warsa.330@gmail.com
D-C2122,"Tgk. Vera Ramadan, S.Gz",tgk..433@gmail.com
D-C2123,"Diana Nurdiyanti, S.Kom",diana.972@gmail.com
D-C2124,Endah Wacana,endah.879@gmail.com
D-C2125,Tgk. Luthfi Pratiwi,tgk..149@gmail.com
D-C2126,"Ir. Karya Firgantoro, S.Pd",ir..109@gmail.com
D-C2127,Rahayu Hassanah,rahayu.186@gmail.com
D-C2128,Gaiman Palastri,gaiman.729@gmail.com
D-C2129,Drs. Opung Mangunsong,drs..604@gmail.com
D-C2130,Novi Yolanda,novi.288@gmail.com
D-C2131,Cawisadi Simanjuntak,cawisadi.633@gmail.com
D-C2132,"Raina Pangestu, M.Farm",raina.339@gmail.com
D-C2133,Saiful Uwais,saiful.622@gmail.com
D-C2134,Warta Mustofa,warta.753@gmail.com
D-C2135,dr. Kurnia Oktaviani,dr..385@gmail.com
D-C2136,Anom Haryanti,anom.618@gmail.com
D-C2137,Estiawan Yulianti,estiawan.831@gmail.com
D-C2138,Cindy Permadi,cindy.460@gmail.com
D-C2139,Warta Winarno,warta.850@gmail.com
D-C2140,Hj. Elisa Samosir,hj..903@gmail.com
D-C2141,Laila Narpati,laila.454@gmail.com
D-C2142,Dalima Yuniar,dalima.899@gmail.com
D-C2143,Oni Waluyo,oni.781@gmail.com
D-C2144,Agus Tampubolon,agus.413@gmail.com
D-C2145,Harjo Mandasari,harjo.270@gmail.com
D-C2146,"R. Ghani Sihombing, S.Psi",r..727@gmail.com
D-C2147,Vanesa Haryanto,vanesa.995@gmail.com
D-C2148,Pranata Nainggolan,pranata.108@gmail.com
D-C2149,"Amalia Situmorang, M.Ak",amalia.434@gmail.com
D-C2150,"Tiara Gunawan, M.Farm",tiara.676@gmail.com
D-C2151,Najam Mustofa,najam.807@gmail.com
D-C2152,Gabriella Tampubolon,gabriella.864@gmail.com
D-C2153,"Gina Mandala, S.Kom",gina.108@gmail.com
D-C2154,Karta Halimah,karta.877@gmail.com
D-C2155,Paiman Safitri,paiman.706@gmail.com
D-C2156,Ganjaran Wijaya,ganjaran.968@gmail.com
D-C2157,T. Yoga Saragih,t..346@gmail.com
D-C2158,Faizah Sirait,faizah.985@gmail.com
D-C2159,"Tgk. Latika Ramadan, M.Pd",tgk..505@gmail.com
D-C2160,Sabar Budiyanto,sabar.882@gmail.com